%CSV delimiter: comma,,,,,,,,,
%LiBCMrevB P&P,,,,,,,,,
%2021OCT29,,,,,,,,,
%R223 is bottom right corner,,,,,,,,,
%unit mm,,,,,,,,,
,,,,,,,,,
%tip size XS: 0402/0603,,,,,,,,,
%tip size S: 0805/1206/1210/1812/2010/2512/SOT-23/SMA/SMB,,,,,,,,,
%tip size M: SOT-23/SOT223/SOT-89/TO-252,,,,,,,,,
%tip size ML: TSSOP-16+,,,,,,,,,
%nozzle 1 tip: S,,,,,,,,,
%nozzle 2 tip: ML,,,,,,,,,
,,,,,,,,,
%Configure board offset,OriginOffsetCommand,X,Y,,,,,,
65535,0,0,0,,,,,,
,,,,,,,,,
%Configure part offset on reel,1=StackOffset Command,Stack (reel number),X,Y,Comment,,,,
%Tray (front),,,,,,,,,
65535,1,0,-3.25,3.25,LTC6804-2,,,,
%8mm Feeders,,,,,,,,,
65535,1,1,-0.3,-0.4,5M1_R1206,,,,
65535,1,2,-0.3,-0.4,100k_R0805,,,,
65535,1,3,-0.3,-0.4,71k5_R0805,,,,
65535,1,4,-0.3,-0.4,100n_C0805,,,,
65535,1,5,-0.3,-0.4,10k_R0805_250mW,,,,
65535,1,6,-0.3,-0.4,Diode_1N4148W,,,,
65535,1,7,-0.3,-0.4,22n_C1206,,,,
65535,1,8,-0.3,-0.4,100_R0805,,,,
65535,1,9,-0.3,-0.4,20_R0805,,,,
65535,1,10,-0.3,-0.4,7k32_R0805,,,,
65535,1,11,-0.3,-0.4,1k24_R0805,,,,
65535,1,12,-0.3,-0.4,768_R0805,,,,
65535,1,13,-0.3,-0.4,100p_C0805,,,,
65535,1,14,-0.3,-0.4,PFET,,,,
65535,1,15,-0.3,-0.4,1u_C0805,,,,
65535,1,16,-0.3,-0.4,AP63205_Buck,,,,
65535,1,17,-0.3,-0.4,22u_C1210,,,,
65535,1,18,-0.3,-0.4,LTC1797_opamp,,,,
65535,1,19,-0.3,-0.4,LED,,,,
65535,1,20,-0.3,-0.4,NFET,,,,
65535,1,21,-0.3,-0.4,Temp10k,,,,
,,,,,,,,,
%12mm Feeders,,,,,,,,,
65535,1,22,-0.3,-0.4,75_R2010,,,,
65535,1,23,-0.3,-0.4,NPN_SOT223,,,,
65535,1,24,-0.3,-0.4,Diode_HVDC,,,,
65535,1,25,0,-0.4,LTC6820,,,,
,,,,,,,,,
%16mm Feeders,,,,,,,,,
65535,1,26,0,0,NO_PART,,,,
65535,1,27,0,0,NO_PART,,,,
,,,,,,,,,
%Configure part2part reel spacing,2=FeedSpacing Command,Stack (reel number),Spacing,,,,,,
%Tray,,,,,,,,,
65535,2,0,18,,See above,,,,
%8mm,,,,,,,,,
65535,2,1,4,,See above,,,,
65535,2,2,4,,See above,,,,
65535,2,3,4,,See above,,,,
65535,2,4,4,,See above,,,,
65535,2,5,4,,See above,,,,
65535,2,6,4,,See above,,,,
65535,2,7,4,,See above,,,,
65535,2,8,4,,See above,,,,
65535,2,9,4,,See above,,,,
65535,2,10,4,,See above,,,,
65535,2,11,4,,See above,,,,
65535,2,12,4,,See above,,,,
65535,2,13,4,,See above,,,,
65535,2,14,4,,See above,,,,
65535,2,15,4,,See above,,,,
65535,2,16,4,,See above,,,,
65535,2,17,4,,See above,,,,
65535,2,18,4,,See above,,,,
65535,2,19,4,,See above,,,,
65535,2,20,4,,See above,,,,
65535,2,21,4,,See above,,,,
,,,,,,,,,
%12mm,,,,,,,,,
65535,2,22,4,,See above,,,,
65535,2,23,8,,See above,,,,
65535,2,24,4,,See above,,,,
65535,2,25,8,,See above,,,,
,,,,,,,,,
%16mm,,,,,,,,,
65535,2,26,12,,See above,,,,
65535,2,27,12,,See above,,,,
,,,,,,,,,
%Speed 100 Percent Command,,,,,,,,,
%Command,Speed/10,,,,,,,,
0,10,0,0,0,0,0,0,,
,,,,,,,,,
%Rotation 0 is as pulled from reel,,,,,,,,,
%Rotation negative is CCW from reel,,,,,,,,,
%Rotation positive is CW from reel,,,,,,,,,
,,,,,,,,,
%I manually added -0.5 to each X and -0.5 to each Y position,,,,,,,,,
,,,,,,,,,
%Part Num,Nozzle,Reel,X(mm),Y(mm),Rotation,Height(mm),Skip,Reference,Comment
1,1,3,86.75,140.5,90,0.65,0,R020,R_0805/71k5
2,1,3,86.75,145.5,90,0.65,0,R021,R_0805/71k5
3,1,3,90,143.75,0,0.65,0,R006,R_0805/71k5
4,1,3,92.5,63,0,0.65,0,R323,R_0805/71k5
5,1,3,92.75,55,0,0.65,0,R324,R_0805/71k5
6,1,3,120.5,109.75,90,0.65,0,R066,R_0805/71k5
7,1,3,136.75,47.75,0,0.65,0,R080,R_0805/71k5
8,1,10,5.19,137.9,90,0.6,0,R125,R_0805/7k32
9,1,10,63,27,0,0.6,0,R171,R_0805/7k32
10,1,10,106.25,75.75,0,0.6,0,R042,R_0805/7k32
11,1,10,109.25,74.5,0,0.6,0,R026,R_0805/7k32
12,1,10,111.5,93.3,0,0.6,0,R317,R_0805/7k32
13,1,10,114.7,92.5,90,0.6,0,R318,R_0805/7k32
14,1,10,119.25,104.75,90,0.6,0,R057,R_0805/7k32
15,1,10,120.25,57,0,0.6,0,R039,R_0805/7k32
16,1,10,125.25,16.75,0,0.6,0,R218,R_0805/7k32
17,1,10,131.75,76,0,0.6,0,R047,R_0805/7k32
18,1,10,142.25,100.5,90,0.6,0,R015,R_0805/7k32
19,1,10,239,126,90,0.6,0,R319,R_0805/7k32
20,1,10,258.5,42.75,0,0.6,0,R305,R_0805/7k32
21,1,10,311.75,8,90,0.6,0,R264,R_0805/7k32
22,1,2,86.75,135.5,90,0.7,0,R027,R_0805/100k
23,1,2,90,139.75,0,0.7,0,R032,R_0805/100k
24,1,2,104,131.25,0,0.7,0,R022,R_0805/100k
25,1,2,123.25,104.75,90,0.7,0,R067,R_0805/100k
26,1,2,264.1,154.6,90,0.7,0,R075,R_0805/100k
27,1,2,264.11,152.2,90,0.7,0,R074,R_0805/100k
28,1,2,268,154.65,90,0.7,0,R077,R_0805/100k
29,1,2,268,152.2,90,0.7,0,R079,R_0805/100k
30,1,1,24.3,18.5,0,0.7,0,R129,R_1206/5M1
31,1,1,24.3,13.25,0,0.7,0,R131,R_1206/5M1
32,1,1,44.25,12.75,0,0.7,0,R175,R_1206/5M1
33,1,1,44.25,17.75,0,0.7,0,R176,R_1206/5M1
34,1,1,244.25,12.25,0,0.7,0,R214,R_1206/5M1
35,1,1,244.25,17.5,0,0.7,0,R215,R_1206/5M1
36,1,1,263,12.25,0,0.7,0,R309,R_1206/5M1
37,1,1,263,17.5,0,0.7,0,R310,R_1206/5M1
38,1,1,318.25,13.75,0,0.7,0,R222,R_1206/5M1
39,1,1,318.25,19,0,0.7,0,R224,R_1206/5M1
40,1,1,336.2,13.5,90,0.7,0,R130,R_1206/5M1
41,1,9,17.9,11.3,90,0.65,0,R356,R_0805/20R
42,1,9,21.75,5.25,0,0.65,0,R342,R_0805/20R
43,1,9,24.25,5.25,0,0.65,0,R341,R_0805/20R
44,1,9,43,5,0,0.65,0,R343,R_0805/20R
45,1,9,45.5,5,0,0.65,0,R344,R_0805/20R
46,1,9,76.25,52.5,0,0.65,0,R314,R_0805/20R
47,1,9,93.5,30,90,0.65,0,R359,R_0805/20R
48,1,9,113,70.5,0,0.65,0,R030,R_0805/20R
49,1,9,241.5,5,0,0.65,0,R346,R_0805/20R
50,1,9,244,5,0,0.65,0,R347,R_0805/20R
51,1,9,263.5,5,0,0.65,0,R352,R_0805/20R
52,1,9,266,5,0,0.65,0,R353,R_0805/20R
53,1,9,292,135,0,0.65,0,R327,R_0805/20R
54,1,9,318.75,6,0,0.65,0,R349,R_0805/20R
55,1,9,327,5.75,0,0.65,0,R350,R_0805/20R
56,1,9,329,9,0,0.65,0,R339,R_0805/20R
57,1,9,331.5,9,0,0.65,0,R340,R_0805/20R
58,1,5,14.5,142.75,90,0.6,0,R127,R_0805/10k
59,1,5,39.25,26.5,90,0.6,0,R173,R_0805/10k
60,1,5,86.75,133,90,0.6,0,R018,R_0805/10k
61,1,5,90.75,96.25,90,0.6,0,R034,R_0805/10k
62,1,5,108.5,150,90,0.6,0,R013,R_0805/10k
63,1,5,117.25,112,0,0.6,0,R055,R_0805/10k
64,1,5,117.25,108,0,0.6,0,R056,R_0805/10k
65,1,5,121.75,83.25,0,0.6,0,R036,R_0805/10k
66,1,5,122.5,87.25,0,0.6,0,R035,R_0805/10k
67,1,5,123.5,67.75,0,0.6,0,R019,R_0805/10k
68,1,5,123.5,63.75,0,0.6,0,R048,R_0805/10k
69,1,5,123.5,59.75,0,0.6,0,R058,R_0805/10k
70,1,5,124.75,115.75,0,0.6,0,R051,R_0805/10k
71,1,5,125.5,79.25,0,0.6,0,R037,R_0805/10k
72,1,5,125.5,75.25,0,0.6,0,R038,R_0805/10k
73,1,5,126,28.5,0,0.6,0,R220,R_0805/10k
74,1,5,127.75,111.75,90,0.6,0,R052,R_0805/10k
75,1,5,129.5,92.9,0,0.6,0,R312,R_0805/10k
76,1,5,251.75,120,0,0.6,0,R049,R_0805/10k
77,1,5,259,28.5,90,0.6,0,R307,R_0805/10k
78,1,5,287.35,153.9,0,0.6,0,R061,R_0805/10k
79,1,5,303.25,25.5,90,0.6,0,R266,R_0805/10k
80,1,5,312,136.5,90,0.6,0,R335,R_0805/10k
81,1,5,316,136.5,90,0.6,0,R069,R_0805/10k
82,1,5,316,134,90,0.6,0,R070,R_0805/10k
83,1,5,323.25,130.25,0,0.6,0,R315,R_0805/10k
84,1,5,323.75,134,90,0.6,0,R336,R_0805/10k
85,1,5,323.75,136.5,90,0.6,0,R072,R_0805/10k
86,1,5,327.25,133.7,0,0.6,0,R071,R_0805/10k
87,1,12,13.54,130.65,90,0.65,0,R126,R_0805/768R
88,1,12,55,27,0,0.65,0,R172,R_0805/768R
89,1,12,110,71.5,90,0.65,0,R029,R_0805/768R
90,1,12,117.25,115.75,0,0.65,0,R053,R_0805/768R
91,1,12,122.25,100.75,90,0.65,0,R120,R_0805/768R
92,1,12,122.25,115.75,0,0.65,0,R316,R_0805/768R
93,1,12,129.5,89.25,0,0.65,0,R033,R_0805/768R
94,1,12,131.75,18,90,0.65,0,R219,R_0805/768R
95,1,12,252.5,43.25,0,0.65,0,R306,R_0805/768R
96,1,12,310.75,25.5,90,0.65,0,R265,R_0805/768R
97,1,8,9.5,123.75,90,0.65,0,R124,R_0805/100R
98,1,8,16.9,8.1,0,0.65,0,R354,R_0805/100R
99,1,8,17,125.5,0,0.65,0,R123,R_0805/100R
100,1,8,18.5,4.9,90,0.65,0,R223,R_0805/100R
101,1,8,19.3,8.1,0,0.65,0,R355,R_0805/100R
102,1,8,26.5,127,90,0.65,0,R095,R_0805/100R
103,1,8,34.5,154.5,90,0.65,0,R107,R_0805/100R
104,1,8,35.15,51.55,90,0.65,0,R151,R_0805/100R
105,1,8,35.15,47.45,90,0.65,0,R152,R_0805/100R
106,1,8,35.15,43.35,90,0.65,0,R153,R_0805/100R
107,1,8,35.15,39.35,90,0.65,0,R154,R_0805/100R
108,1,8,35.15,35.15,90,0.65,0,R155,R_0805/100R
109,1,8,35.2,55.5,90,0.65,0,R150,R_0805/100R
110,1,8,35.25,31.25,90,0.65,0,R156,R_0805/100R
111,1,8,38.5,144.5,90,0.65,0,R103,R_0805/100R
112,1,8,38.5,147,90,0.65,0,R104,R_0805/100R
113,1,8,38.5,149.5,90,0.65,0,R105,R_0805/100R
114,1,8,38.5,127,90,0.65,0,R096,R_0805/100R
115,1,8,38.5,129.5,90,0.65,0,R097,R_0805/100R
116,1,8,38.51,137,90,0.65,0,R100,R_0805/100R
117,1,8,38.51,139.5,90,0.65,0,R101,R_0805/100R
118,1,8,38.51,142.05,90,0.65,0,R102,R_0805/100R
119,1,8,38.51,132,90,0.65,0,R098,R_0805/100R
120,1,8,38.51,134.5,90,0.65,0,R099,R_0805/100R
121,1,8,38.66,152,90,0.65,0,R106,R_0805/100R
122,1,8,61.25,31.16,0,0.65,0,R169,R_0805/100R
123,1,8,63.5,20.5,90,0.65,0,R170,R_0805/100R
124,1,8,74.75,14.85,90,0.65,0,R145,R_0805/100R
125,1,8,74.75,19.05,90,0.65,0,R146,R_0805/100R
126,1,8,74.75,23.05,90,0.65,0,R147,R_0805/100R
127,1,8,74.75,27.25,90,0.65,0,R148,R_0805/100R
128,1,8,74.75,31.35,90,0.65,0,R149,R_0805/100R
129,1,8,74.81,10.85,90,0.65,0,R144,R_0805/100R
130,1,8,76.25,56.59,0,0.65,0,R313,R_0805/100R
131,1,8,82.5,53,90,0.65,0,R082,R_0805/100R
132,1,8,90,135.75,0,0.65,0,R023,R_0805/100R
133,1,8,91,120.75,90,0.65,0,R016,R_0805/100R
134,1,8,110.75,138.25,0,0.65,0,R017,R_0805/100R
135,1,8,111.5,97.1,0,0.65,0,R321,R_0805/100R
136,1,8,113.9,96.1,0,0.65,0,R322,R_0805/100R
137,1,8,119.75,115.75,0,0.65,0,R050,R_0805/100R
138,1,8,120.5,112.25,90,0.65,0,R054,R_0805/100R
139,1,8,121.75,17,0,0.65,0,R217,R_0805/100R
140,1,8,125.5,53.9,90,0.65,0,R325,R_0805/100R
141,1,8,130,98,0,0.65,0,R334,R_0805/100R
142,1,8,143.75,16,0,0.65,0,R216,R_0805/100R
143,1,8,145.75,117.25,0,0.65,0,R311,R_0805/100R
144,1,8,155.14,55.25,90,0.65,0,R199,R_0805/100R
145,1,8,155.14,59.45,90,0.65,0,R200,R_0805/100R
146,1,8,155.15,14.15,90,0.65,0,R189,R_0805/100R
147,1,8,155.15,18.35,90,0.65,0,R190,R_0805/100R
148,1,8,155.15,22.55,90,0.65,0,R191,R_0805/100R
149,1,8,155.15,26.55,90,0.65,0,R192,R_0805/100R
150,1,8,155.15,30.75,90,0.65,0,R193,R_0805/100R
151,1,8,155.15,34.85,90,0.65,0,R194,R_0805/100R
152,1,8,155.15,38.95,90,0.65,0,R195,R_0805/100R
153,1,8,155.15,42.95,90,0.65,0,R196,R_0805/100R
154,1,8,155.15,47.05,90,0.65,0,R197,R_0805/100R
155,1,8,155.15,51.25,90,0.65,0,R198,R_0805/100R
156,1,8,157.5,65,0,0.65,0,R201,R_0805/100R
157,1,8,180.8,32.4,0,0.65,0,R290,R_0805/100R
158,1,8,184.8,32.4,0,0.65,0,R289,R_0805/100R
159,1,8,188.9,32.4,0,0.65,0,R288,R_0805/100R
160,1,8,193,32.4,0,0.65,0,R287,R_0805/100R
161,1,8,197.1,32.4,0,0.65,0,R286,R_0805/100R
162,1,8,201.2,32.4,0,0.65,0,R285,R_0805/100R
163,1,8,205.3,32.4,0,0.65,0,R284,R_0805/100R
164,1,8,209.4,32.4,0,0.65,0,R283,R_0805/100R
165,1,8,213.4,32.4,0,0.65,0,R282,R_0805/100R
166,1,8,217.6,32.4,0,0.65,0,R281,R_0805/100R
167,1,8,221.7,32.4,0,0.65,0,R280,R_0805/100R
168,1,8,225.8,32.4,0,0.65,0,R279,R_0805/100R
169,1,8,229.5,152,90,0.65,0,R331,R_0805/100R
170,1,8,229.5,149.5,90,0.65,0,R059,R_0805/100R
171,1,8,229.8,31.9,0,0.65,0,R278,R_0805/100R
172,1,8,239.75,43.5,0,0.65,0,R303,R_0805/100R
173,1,8,242.67,59.5,0,0.65,0,R249,R_0805/100R
174,1,8,246.16,154.75,90,0.65,0,R068,R_0805/100R
175,1,8,246.25,152.25,90,0.65,0,R337,R_0805/100R
176,1,8,246.25,149.75,90,0.65,0,R078,R_0805/100R
177,1,8,246.67,59.5,0,0.65,0,R248,R_0805/100R
178,1,8,250.77,59.5,0,0.65,0,R247,R_0805/100R
179,1,8,254.92,59.5,0,0.65,0,R246,R_0805/100R
180,1,8,258.92,59.5,0,0.65,0,R245,R_0805/100R
181,1,8,262,42.5,0,0.65,0,R304,R_0805/100R
182,1,8,262.92,59.41,0,0.65,0,R244,R_0805/100R
183,1,8,267.17,59.5,0,0.65,0,R243,R_0805/100R
184,1,8,291.71,37.92,90,0.65,0,R239,R_0805/100R
185,1,8,291.71,29.72,90,0.65,0,R241,R_0805/100R
186,1,8,291.71,25.52,90,0.65,0,R242,R_0805/100R
187,1,8,291.8,46.02,90,0.65,0,R237,R_0805/100R
188,1,8,291.8,42.02,90,0.65,0,R238,R_0805/100R
189,1,8,291.8,33.77,90,0.65,0,R240,R_0805/100R
190,1,8,295.5,142,0,0.65,0,R332,R_0805/100R
191,1,8,295.5,138,0,0.65,0,R063,R_0805/100R
192,1,8,299.5,42.5,90,0.65,0,R262,R_0805/100R
193,1,8,299.5,45,90,0.65,0,R263,R_0805/100R
194,1,8,311.5,126,90,0.65,0,R330,R_0805/100R
195,1,8,311.5,121.5,90,0.65,0,R333,R_0805/100R
196,1,8,311.5,123.75,90,0.65,0,R065,R_0805/100R
197,1,11,13.5,128.35,90,0.65,0,R128,R_0805/1k24
198,1,11,31.15,53.55,90,0.65,0,R163,R_0805/1k24
199,1,11,31.15,49.45,90,0.65,0,R164,R_0805/1k24
200,1,11,31.15,45.35,90,0.65,0,R165,R_0805/1k24
201,1,11,31.15,41.25,90,0.65,0,R166,R_0805/1k24
202,1,11,31.15,37.15,90,0.65,0,R167,R_0805/1k24
203,1,11,31.15,33.05,90,0.65,0,R168,R_0805/1k24
204,1,11,47.75,151.75,90,0.65,0,R117,R_0805/1k24
205,1,11,47.84,131.75,90,0.65,0,R109,R_0805/1k24
206,1,11,47.84,136.75,90,0.65,0,R111,R_0805/1k24
207,1,11,47.84,141.75,90,0.65,0,R113,R_0805/1k24
208,1,11,47.84,146.75,90,0.65,0,R115,R_0805/1k24
209,1,11,57.5,27,0,0.65,0,R174,R_0805/1k24
210,1,11,63.75,129.5,90,0.65,0,R108,R_0805/1k24
211,1,11,63.75,133.75,90,0.65,0,R110,R_0805/1k24
212,1,11,63.75,138,90,0.65,0,R112,R_0805/1k24
213,1,11,63.75,142.25,90,0.65,0,R114,R_0805/1k24
214,1,11,63.75,146.5,90,0.65,0,R116,R_0805/1k24
215,1,11,63.75,151.25,90,0.65,0,R118,R_0805/1k24
216,1,11,63.75,154.5,90,0.65,0,R119,R_0805/1k24
217,1,11,78.75,56.5,0,0.65,0,R121,R_0805/1k24
218,1,11,78.75,12.85,90,0.65,0,R157,R_0805/1k24
219,1,11,78.75,16.85,90,0.65,0,R158,R_0805/1k24
220,1,11,78.75,21.05,90,0.65,0,R159,R_0805/1k24
221,1,11,78.75,25.05,90,0.65,0,R160,R_0805/1k24
222,1,11,78.75,29.25,90,0.65,0,R161,R_0805/1k24
223,1,11,78.75,33.35,90,0.65,0,R162,R_0805/1k24
224,1,11,84.5,49.75,0,0.65,0,R081,R_0805/1k24
225,1,11,85,149.75,0,0.65,0,R001,R_0805/1k24
226,1,11,87.5,149.75,0,0.65,0,R002,R_0805/1k24
227,1,11,90,149.75,0,0.65,0,R003,R_0805/1k24
228,1,11,92.5,149.75,0,0.65,0,R005,R_0805/1k24
229,1,11,103.95,66.2,0,0.65,0,R043,R_0805/1k24
230,1,11,103.95,62.35,0,0.65,0,R044,R_0805/1k24
231,1,11,103.95,58.45,0,0.65,0,R045,R_0805/1k24
232,1,11,103.95,54.6,0,0.65,0,R046,R_0805/1k24
233,1,11,118.25,100.75,90,0.65,0,R122,R_0805/1k24
234,1,11,120.5,92.9,90,0.65,0,R326,R_0805/1k24
235,1,11,126.75,83.25,0,0.65,0,R025,R_0805/1k24
236,1,11,128.25,86.5,90,0.65,0,R024,R_0805/1k24
237,1,11,128.5,63.75,0,0.65,0,R012,R_0805/1k24
238,1,11,128.5,67.75,0,0.65,0,R014,R_0805/1k24
239,1,11,128.5,59.75,0,0.65,0,R004,R_0805/1k24
240,1,11,128.75,80,90,0.65,0,R028,R_0805/1k24
241,1,11,128.75,75,90,0.65,0,R031,R_0805/1k24
242,1,11,137.25,16,0,0.65,0,R221,R_0805/1k24
243,1,11,159.15,16.25,90,0.65,0,R202,R_0805/1k24
244,1,11,159.15,20.45,90,0.65,0,R203,R_0805/1k24
245,1,11,159.15,24.55,90,0.65,0,R204,R_0805/1k24
246,1,11,159.15,28.65,90,0.65,0,R205,R_0805/1k24
247,1,11,159.15,32.75,90,0.65,0,R206,R_0805/1k24
248,1,11,159.15,36.85,90,0.65,0,R207,R_0805/1k24
249,1,11,159.15,40.95,90,0.65,0,R208,R_0805/1k24
250,1,11,159.15,45.05,90,0.65,0,R209,R_0805/1k24
251,1,11,159.15,49.15,90,0.65,0,R210,R_0805/1k24
252,1,11,159.15,53.25,90,0.65,0,R211,R_0805/1k24
253,1,11,159.15,57.35,90,0.65,0,R212,R_0805/1k24
254,1,11,159.15,61.55,90,0.65,0,R213,R_0805/1k24
255,1,11,182.7,36.4,0,0.65,0,R302,R_0805/1k24
256,1,11,186.8,36.4,0,0.65,0,R301,R_0805/1k24
257,1,11,190.9,36.4,0,0.65,0,R300,R_0805/1k24
258,1,11,195,36.4,0,0.65,0,R299,R_0805/1k24
259,1,11,199.1,36.4,0,0.65,0,R298,R_0805/1k24
260,1,11,203.2,36.4,0,0.65,0,R297,R_0805/1k24
261,1,11,207.3,36.4,0,0.65,0,R296,R_0805/1k24
262,1,11,211.4,36.4,0,0.65,0,R295,R_0805/1k24
263,1,11,215.5,36.4,0,0.65,0,R294,R_0805/1k24
264,1,11,219.6,36.4,0,0.65,0,R293,R_0805/1k24
265,1,11,223.7,36.4,0,0.65,0,R292,R_0805/1k24
266,1,11,227.8,36.4,0,0.65,0,R291,R_0805/1k24
267,1,11,239.75,123.25,90,0.65,0,R320,R_0805/1k24
268,1,11,244.67,63.41,0,0.65,0,R261,R_0805/1k24
269,1,11,247.5,43.25,0,0.65,0,R308,R_0805/1k24
270,1,11,248.77,63.41,0,0.65,0,R260,R_0805/1k24
271,1,11,252.92,63.41,0,0.65,0,R259,R_0805/1k24
272,1,11,256.92,63.41,0,0.65,0,R258,R_0805/1k24
273,1,11,260.92,63.41,0,0.65,0,R257,R_0805/1k24
274,1,11,265.17,63.41,0,0.65,0,R256,R_0805/1k24
275,1,11,284.09,154.65,90,0.65,0,R060,R_0805/1k24
276,1,11,287.8,44.02,90,0.65,0,R250,R_0805/1k24
277,1,11,287.8,40.02,90,0.65,0,R251,R_0805/1k24
278,1,11,287.8,35.77,90,0.65,0,R252,R_0805/1k24
279,1,11,287.8,31.77,90,0.65,0,R253,R_0805/1k24
280,1,11,287.8,27.77,90,0.65,0,R254,R_0805/1k24
281,1,11,287.8,23.52,90,0.65,0,R255,R_0805/1k24
282,1,11,307,25.5,90,0.65,0,R267,R_0805/1k24
283,1,13,25.9,22.25,90,0.7,0,C052,C_0805/100p
284,1,13,43.25,21.75,90,0.7,0,C077,C_0805/100p
285,1,13,73,52.5,0,0.7,0,C160,C_0805/100p
286,1,13,79.5,52.5,0,0.7,0,C159,C_0805/100p
287,1,13,111.5,100.9,0,0.7,0,C162,C_0805/100p
288,1,13,116.3,96.1,0,0.7,0,C161,C_0805/100p
289,1,13,126.25,98.25,90,0.7,0,C172,C_0805/100p
290,1,13,129.3,53.9,90,0.7,0,C163,C_0805/100p
291,1,13,245.75,21.2,90,0.7,0,C093,C_0805/100p
292,1,13,261.5,21.25,90,0.7,0,C142,C_0805/100p
293,1,13,316.55,22.5,90,0.7,0,C103,C_0805/100p
294,1,13,335.25,21,90,0.7,0,C048,C_0805/100p
295,1,4,5.5,124.5,90,0.95,0,C050,C_0805/100n
296,1,4,18.5,128.5,90,0.95,0,C049,C_0805/100n
297,1,4,30.5,127,90,0.95,0,C035,C_0805/100n
298,1,4,34.5,149.5,90,0.95,0,C040,C_0805/100n
299,1,4,34.5,127,90,0.95,0,C042,C_0805/100n
300,1,4,34.5,147,90,0.95,0,C046,C_0805/100n
301,1,4,34.5,152,90,0.95,0,C047,C_0805/100n
302,1,4,34.55,129.5,90,0.95,0,C036,C_0805/100n
303,1,4,34.55,134.5,90,0.95,0,C037,C_0805/100n
304,1,4,34.55,139.5,90,0.95,0,C038,C_0805/100n
305,1,4,34.55,144.5,90,0.95,0,C039,C_0805/100n
306,1,4,34.55,132,90,0.95,0,C043,C_0805/100n
307,1,4,34.55,137,90,0.95,0,C044,C_0805/100n
308,1,4,34.55,142,90,0.95,0,C045,C_0805/100n
309,1,4,38.55,53.75,0,0.95,0,C060,C_0805/100n
310,1,4,38.55,45.55,0,0.95,0,C061,C_0805/100n
311,1,4,38.55,37.35,0,0.95,0,C062,C_0805/100n
312,1,4,38.55,49.65,0,0.95,0,C067,C_0805/100n
313,1,4,38.55,41.45,0,0.95,0,C068,C_0805/100n
314,1,4,38.55,33.05,0,0.95,0,C069,C_0805/100n
315,1,4,38.75,154.5,90,0.95,0,C041,C_0805/100n
316,1,4,39.25,29.5,90,0.95,0,C063,C_0805/100n
317,1,4,46.75,21.75,0,0.95,0,C073,C_0805/100n
318,1,4,57.5,32.75,0,0.95,0,C070,C_0805/100n
319,1,4,71.35,12.75,0,0.95,0,C057,C_0805/100n
320,1,4,71.35,21.15,0,0.95,0,C058,C_0805/100n
321,1,4,71.35,29.25,0,0.95,0,C059,C_0805/100n
322,1,4,71.35,17.15,0,0.95,0,C064,C_0805/100n
323,1,4,71.35,25.15,0,0.95,0,C065,C_0805/100n
324,1,4,71.35,33.35,0,0.95,0,C066,C_0805/100n
325,1,4,86.75,138,90,0.95,0,C010,C_0805/100n
326,1,4,86.75,143,90,0.95,0,C004,C_0805/100n
327,1,4,90.25,117.5,0,0.95,0,C003,C_0805/100n
328,1,4,99,60.75,90,0.95,0,C016,C_0805/100n
329,1,4,100.5,69,90,0.95,0,C015,C_0805/100n
330,1,4,107.5,60.75,90,0.95,0,C169,C_0805/100n
331,1,4,120.5,107.25,90,0.95,0,C170,C_0805/100n
332,1,4,122.75,28.5,0,0.95,0,C097,C_0805/100n
333,1,4,124.5,111.75,0,0.95,0,C029,C_0805/100n
334,1,4,126,94.25,90,0.95,0,C034,C_0805/100n
335,1,4,128.75,108,0,0.95,0,C022,C_0805/100n
336,1,4,132.5,97,0,0.95,0,C171,C_0805/100n
337,1,4,140.5,16.75,90,0.95,0,C094,C_0805/100n
338,1,4,151.75,16.25,0,0.95,0,C079,C_0805/100n
339,1,4,151.75,24.55,0,0.95,0,C080,C_0805/100n
340,1,4,151.75,32.85,0,0.95,0,C081,C_0805/100n
341,1,4,151.75,40.95,0,0.95,0,C082,C_0805/100n
342,1,4,151.75,49.15,0,0.95,0,C083,C_0805/100n
343,1,4,151.75,57.35,0,0.95,0,C084,C_0805/100n
344,1,4,151.75,20.35,0,0.95,0,C086,C_0805/100n
345,1,4,151.75,28.75,0,0.95,0,C087,C_0805/100n
346,1,4,151.75,36.85,0,0.95,0,C088,C_0805/100n
347,1,4,151.75,45,0,0.95,0,C089,C_0805/100n
348,1,4,151.75,53.25,0,0.95,0,C090,C_0805/100n
349,1,4,151.75,61.45,0,0.95,0,C091,C_0805/100n
350,1,4,154.45,63.65,0,0.95,0,C085,C_0805/100n
351,1,4,181,25.75,0,0.95,0,C128,C_0805/100n
352,1,4,182.7,29,90,0.95,0,C134,C_0805/100n
353,1,4,186.7,29,90,0.95,0,C127,C_0805/100n
354,1,4,190.9,29,90,0.95,0,C133,C_0805/100n
355,1,4,195,29,90,0.95,0,C126,C_0805/100n
356,1,4,199.1,29,90,0.95,0,C132,C_0805/100n
357,1,4,203.2,29,90,0.95,0,C125,C_0805/100n
358,1,4,207.25,29,90,0.95,0,C131,C_0805/100n
359,1,4,211.35,29,90,0.95,0,C124,C_0805/100n
360,1,4,215.45,29,90,0.95,0,C130,C_0805/100n
361,1,4,219.6,29,90,0.95,0,C123,C_0805/100n
362,1,4,223.7,29,90,0.95,0,C129,C_0805/100n
363,1,4,227.9,29,90,0.95,0,C122,C_0805/100n
364,1,4,243.25,43.5,90,0.95,0,C135,C_0805/100n
365,1,4,244.42,53.41,90,0.95,0,C110,C_0805/100n
366,1,4,244.42,56.16,90,0.95,0,C116,C_0805/100n
367,1,4,248.67,56.16,90,0.95,0,C109,C_0805/100n
368,1,4,252.67,56.16,90,0.95,0,C115,C_0805/100n
369,1,4,256.67,56.16,90,0.95,0,C108,C_0805/100n
370,1,4,259,31.25,90,0.95,0,C136,C_0805/100n
371,1,4,260.67,56.16,90,0.95,0,C114,C_0805/100n
372,1,4,264.92,56.16,90,0.95,0,C107,C_0805/100n
373,1,4,290,132,0,0.95,0,C165,C_0805/100n
374,1,4,295,44.02,0,0.95,0,C104,C_0805/100n
375,1,4,295,40.02,0,0.95,0,C111,C_0805/100n
376,1,4,295.05,35.77,0,0.95,0,C105,C_0805/100n
377,1,4,295.05,27.52,0,0.95,0,C106,C_0805/100n
378,1,4,295.05,31.77,0,0.95,0,C112,C_0805/100n
379,1,4,295.05,23.27,0,0.95,0,C113,C_0805/100n
380,1,4,300.5,39,0,0.95,0,C117,C_0805/100n
381,1,4,303.5,41,90,0.95,0,C118,C_0805/100n
382,1,4,307.17,131,90,0.95,0,C014,C_0805/100n
383,1,4,317.25,37.25,90,0.95,0,C149,C_0805/100n
384,1,6,147.5,104.75,170,1,0,D16,SOD-123/1N4148W
385,1,6,185.1,127.3,90,1,0,D11,SOD-123/1N4148W
386,1,6,185.1,124.3,90,1,0,D12,SOD-123/1N4148W
387,1,6,260.25,118.5,-90,1,0,D13,SOD-123/1N4148W
388,1,21,29,29.5,90,1.25,0,TH2,R_0805/Therm
389,1,21,78.25,154,0,1.25,0,TH1,R_0805/Therm
390,1,21,174.1,15.3,90,1.25,0,TH3,R_0805/Therm
391,1,21,234.75,43,0,1.25,0,TH5,R_0805/Therm
392,1,21,278.1,47.8,90,1.25,0,TH4,R_0805/Therm
393,1,7,29,6.5,0,1.5,0,C056,C_1206/22n
394,1,7,32,6.5,0,1.5,0,C055,C_1206/22n
395,1,7,35.5,6.5,0,1.5,0,C071,C_1206/22n
396,1,7,38.5,6.5,0,1.5,0,C072,C_1206/22n
397,1,7,248.75,6.25,0,1.5,0,C078,C_1206/22n
398,1,7,249.75,153.28,0,1.5,0,C033,C_1206/22n
399,1,7,251.75,6.25,0,1.5,0,C092,C_1206/22n
400,1,7,255.5,6.25,0,1.5,0,C140,C_1206/22n
401,1,7,258.5,6.25,0,1.5,0,C141,C_1206/22n
402,1,7,321.5,8,0,1.5,0,C095,C_1206/22n
403,1,7,324.5,8,0,1.5,0,C096,C_1206/22n
404,1,7,333,33,90,1.5,0,C148,C_1206/22n
405,1,7,339.25,33,90,1.5,0,C150,C_1206/22n
406,1,7,339.25,41.5,0,1.5,0,C152,C_1206/22n
407,1,17,139.25,105.5,0,2.7,0,C143,C_1210/22u
408,1,17,265,119.53,0,2.7,0,C026,C_1210/22u
409,1,17,292.39,127.02,0,2.7,0,C017,C_1210/22u
410,1,17,296,55.75,90,2.7,0,C146,C_1210/22u
411,1,17,296.13,127.03,0,2.7,0,C019,C_1210/22u
412,1,17,297.3,132.15,0,2.7,0,C008,C_1210/22u
413,1,17,299.66,127.06,0,2.7,0,C018,C_1210/22u
414,1,17,305.75,55,0,2.7,0,C023,C_1210/22u
415,1,17,316.75,40.5,90,2.7,0,C025,C_1210/22u
416,2,22,21.65,54.35,90,0.7,0,R138,R_2010/75R
417,2,22,21.65,50.25,90,0.7,0,R139,R_2010/75R
418,2,22,21.65,46.15,90,0.7,0,R140,R_2010/75R
419,2,22,21.65,42.05,90,0.7,0,R141,R_2010/75R
420,2,22,21.65,37.95,90,0.7,0,R142,R_2010/75R
421,2,22,21.65,33.85,90,0.7,0,R143,R_2010/75R
422,2,22,58,131,90,0.7,0,R084,R_2010/75R
423,2,22,58,136,90,0.7,0,R086,R_2010/75R
424,2,22,58,141,90,0.7,0,R088,R_2010/75R
425,2,22,58,146,90,0.7,0,R090,R_2010/75R
426,2,22,58,151,90,0.7,0,R092,R_2010/75R
427,2,22,73.5,130,90,0.7,0,R083,R_2010/75R
428,2,22,73.5,134,90,0.7,0,R085,R_2010/75R
429,2,22,73.5,138,90,0.7,0,R087,R_2010/75R
430,2,22,73.5,146,90,0.7,0,R091,R_2010/75R
431,2,22,73.5,150,90,0.7,0,R093,R_2010/75R
432,2,22,73.5,154,90,0.7,0,R094,R_2010/75R
433,2,22,73.6,142.05,90,0.7,0,R089,R_2010/75R
434,2,22,88.25,12.05,90,0.7,0,R132,R_2010/75R
435,2,22,88.25,16.15,90,0.7,0,R133,R_2010/75R
436,2,22,88.25,20.25,90,0.7,0,R134,R_2010/75R
437,2,22,88.25,24.35,90,0.7,0,R135,R_2010/75R
438,2,22,88.25,28.45,90,0.7,0,R136,R_2010/75R
439,2,22,88.25,32.55,90,0.7,0,R137,R_2010/75R
440,2,22,167.25,62.5,0,0.7,0,R188,R_2010/75R
441,2,22,168.65,15.45,90,0.7,0,R177,R_2010/75R
442,2,22,168.65,19.65,90,0.7,0,R178,R_2010/75R
443,2,22,168.65,23.75,90,0.7,0,R179,R_2010/75R
444,2,22,168.65,27.85,90,0.7,0,R180,R_2010/75R
445,2,22,168.65,31.95,90,0.7,0,R181,R_2010/75R
446,2,22,168.65,36.05,90,0.7,0,R182,R_2010/75R
447,2,22,168.65,40.15,90,0.7,0,R183,R_2010/75R
448,2,22,168.65,44.25,90,0.7,0,R184,R_2010/75R
449,2,22,168.65,48.35,90,0.7,0,R185,R_2010/75R
450,2,22,168.65,52.45,90,0.7,0,R186,R_2010/75R
451,2,22,168.65,56.55,90,0.7,0,R187,R_2010/75R
452,2,22,183.5,45.9,0,0.7,0,R277,R_2010/75R
453,2,22,187.6,45.9,0,0.7,0,R276,R_2010/75R
454,2,22,191.7,45.9,0,0.7,0,R275,R_2010/75R
455,2,22,195.8,45.9,0,0.7,0,R274,R_2010/75R
456,2,22,199.9,45.9,0,0.7,0,R273,R_2010/75R
457,2,22,204,45.9,0,0.7,0,R272,R_2010/75R
458,2,22,208.1,45.9,0,0.7,0,R271,R_2010/75R
459,2,22,212.2,45.9,0,0.7,0,R270,R_2010/75R
460,2,22,216.3,45.9,0,0.7,0,R269,R_2010/75R
461,2,22,220.4,45.9,0,0.7,0,R268,R_2010/75R
462,2,22,224.5,45.9,0,0.7,0,R064,R_2010/75R
463,2,22,228.6,45.9,0,0.7,0,R062,R_2010/75R
464,2,22,245.37,72.91,0,0.7,0,R236,R_2010/75R
465,2,22,249.47,72.91,0,0.7,0,R235,R_2010/75R
466,2,22,253.57,72.91,0,0.7,0,R234,R_2010/75R
467,2,22,254.56,154,90,0.7,0,R073,R_2010/75R
468,2,22,257.67,72.91,0,0.7,0,R233,R_2010/75R
469,2,22,261.77,72.91,0,0.7,0,R232,R_2010/75R
470,2,22,265.87,72.91,0,0.7,0,R231,R_2010/75R
471,2,22,278.3,44.82,90,0.7,0,R225,R_2010/75R
472,2,22,278.3,40.72,90,0.7,0,R226,R_2010/75R
473,2,22,278.3,36.62,90,0.7,0,R227,R_2010/75R
474,2,22,278.3,32.52,90,0.7,0,R228,R_2010/75R
475,2,22,278.3,28.42,90,0.7,0,R229,R_2010/75R
476,2,22,278.3,24.32,90,0.7,0,R230,R_2010/75R
477,1,19,5.5,140.5,-90,0.9,0,D07,LED_0805
478,1,19,61.75,23.75,90,0.9,0,D08,LED_0805
479,1,19,85,153.75,0,0.9,0,D01,LED_0805
480,1,19,89,153.75,0,0.9,0,D02,LED_0805
481,1,19,93,153.75,0,0.9,0,D03,LED_0805
482,1,19,109,153.75,0,0.9,0,D04,LED_0805
483,1,19,128.25,16.75,0,0.9,0,D09,LED_0805
484,1,19,229.29,154.5,-90,0.9,0,D14,LED_0805
485,1,19,255.75,42.71,170,0.9,0,D17,LED_0805
486,1,19,292.9,141.64,0,0.9,0,D15,LED_0805
487,1,19,307.25,8,90,0.9,0,D10,LED_0805
488,1,15,10,139.5,0,1.35,0,C053,C_0805/1u
489,1,15,10.5,142.75,90,1.35,0,C051,C_0805/1u
490,1,15,13.5,138.75,0,1.35,0,C054,C_0805/1u
491,1,15,43.25,27,90,1.35,0,C074,C_0805/1u
492,1,15,43.25,24.25,90,1.35,0,C075,C_0805/1u
493,1,15,47.5,25.5,90,1.35,0,C076,C_0805/1u
494,1,15,90.75,93.75,90,1.35,0,C013,C_0805/1u
495,1,15,123,79.25,0,1.35,0,C167,C_0805/1u
496,1,15,123,75.25,0,1.35,0,C168,C_0805/1u
497,1,15,123.75,141,0,1.35,0,C002,C_0805/1u
498,1,15,124.25,83.25,0,1.35,0,C166,C_0805/1u
499,1,15,125,87.25,0,1.35,0,C164,C_0805/1u
500,1,15,126,67.75,0,1.35,0,C156,C_0805/1u
501,1,15,126,63.75,0,1.35,0,C157,C_0805/1u
502,1,15,126,59.75,0,1.35,0,C158,C_0805/1u
503,1,15,128.5,28.5,0,1.35,0,C098,C_0805/1u
504,1,15,128.75,77.5,90,1.35,0,C009,C_0805/1u
505,1,15,129.25,83.25,0,1.35,0,C006,C_0805/1u
506,1,15,131,67.75,0,1.35,0,C101,C_0805/1u
507,1,15,131,63.75,0,1.35,0,C102,C_0805/1u
508,1,15,131,59.75,0,1.35,0,C155,C_0805/1u
509,1,15,131.3,30.5,90,1.35,0,C099,C_0805/1u
510,1,15,131.5,27,0,1.35,0,C100,C_0805/1u
511,1,15,131.75,89.25,0,1.35,0,C012,C_0805/1u
512,1,15,131.75,85.45,0,1.35,0,C005,C_0805/1u
513,1,15,131.75,80.25,0,1.35,0,C007,C_0805/1u
514,1,15,132.5,105.25,0,1.35,0,C001,C_0805/1u
515,1,15,143.25,117.25,0,1.35,0,C144,C_0805/1u
516,1,15,227.25,129,90,1.35,0,C021,C_0805/1u
517,1,15,252.25,29.5,90,1.35,0,C138,C_0805/1u
518,1,15,252.25,33.25,0,1.35,0,C139,C_0805/1u
519,1,15,255.5,30.25,0,1.35,0,C137,C_0805/1u
520,1,15,284.15,152.15,90,1.35,0,C024,C_0805/1u
521,1,15,300.25,131.56,0,1.35,0,C011,C_0805/1u
522,1,15,303.25,28,90,1.35,0,C119,C_0805/1u
523,1,15,312.5,11.75,0,1.35,0,C120,C_0805/1u
524,1,15,312.5,15.75,0,1.35,0,C121,C_0805/1u
525,1,15,317.25,43.75,90,1.35,0,C147,C_0805/1u
526,1,15,260.75,123,90,1.35,0,C145a,C_0805/1u
527,1,15,260.75,121,90,1.35,0,C145b,C_0805/1u
528,1,20,91.5,131.75,0,0.8,0,Q02,SOT-23/NMOS
529,1,20,108.5,146.75,170,0.8,0,Q01,SOT-23/NMOS
530,1,20,112.75,74.5,-90,0.8,0,Q03,SOT-23/NMOS
531,1,20,117,57,90,0.8,0,Q04,SOT-23/NMOS
532,1,20,144.25,103.5,0,0.8,0,Q73,SOT-23/NMOS
533,1,20,190.7,126.8,0,0.8,0,Q06,SOT-23/NMOS
534,1,20,197.5,127,170,0.8,0,Q05,SOT-23/NMOS
535,1,20,243.25,126,90,0.8,0,Q76,SOT-23/NMOS
536,1,20,244,121.75,-90,0.8,0,Q74,SOT-23/NMOS
537,1,20,255.25,120,-90,0.8,0,Q07,SOT-23/NMOS
538,1,14,27.05,54.35,90,1.1,0,Q27,SOT-23/PMOS
539,1,14,27.05,50.25,90,1.1,0,Q28,SOT-23/PMOS
540,1,14,27.05,46.15,90,1.1,0,Q29,SOT-23/PMOS
541,1,14,27.05,42.05,90,1.1,0,Q30,SOT-23/PMOS
542,1,14,27.05,37.95,90,1.1,0,Q31,SOT-23/PMOS
543,1,14,27.05,33.85,90,1.1,0,Q32,SOT-23/PMOS
544,1,14,52,136,-90,1.1,0,Q11,SOT-23/PMOS
545,1,14,52,141,-90,1.1,0,Q13,SOT-23/PMOS
546,1,14,52,146,-90,1.1,0,Q15,SOT-23/PMOS
547,1,14,52,151,-90,1.1,0,Q17,SOT-23/PMOS
548,1,14,52,131,-90,1.1,0,Q09,SOT-23/PMOS
549,1,14,67.5,134,-90,1.1,0,Q10,SOT-23/PMOS
550,1,14,67.5,138,-90,1.1,0,Q12,SOT-23/PMOS
551,1,14,67.5,146,-90,1.1,0,Q16,SOT-23/PMOS
552,1,14,67.5,150,-90,1.1,0,Q18,SOT-23/PMOS
553,1,14,67.5,154,-90,1.1,0,Q19,SOT-23/PMOS
554,1,14,67.5,130,-90,1.1,0,Q08,SOT-23/PMOS
555,1,14,67.6,142.05,-90,1.1,0,Q14,SOT-23/PMOS
556,1,14,82.85,12.05,-90,1.1,0,Q21,SOT-23/PMOS
557,1,14,82.85,16.05,-90,1.1,0,Q22,SOT-23/PMOS
558,1,14,82.85,20.25,-90,1.1,0,Q23,SOT-23/PMOS
559,1,14,82.85,24.35,-90,1.1,0,Q24,SOT-23/PMOS
560,1,14,82.85,28.45,-90,1.1,0,Q25,SOT-23/PMOS
561,1,14,82.85,32.55,-90,1.1,0,Q26,SOT-23/PMOS
562,1,14,110,68.25,170,1.1,0,Q77,SOT-23/PMOS
563,1,14,163.25,15.45,-90,1.1,0,Q34,SOT-23/PMOS
564,1,14,163.25,19.65,-90,1.1,0,Q35,SOT-23/PMOS
565,1,14,163.25,23.75,-90,1.1,0,Q36,SOT-23/PMOS
566,1,14,163.25,27.85,-90,1.1,0,Q37,SOT-23/PMOS
567,1,14,163.25,31.95,-90,1.1,0,Q38,SOT-23/PMOS
568,1,14,163.25,36.05,-90,1.1,0,Q39,SOT-23/PMOS
569,1,14,163.25,40.15,-90,1.1,0,Q40,SOT-23/PMOS
570,1,14,163.25,44.25,-90,1.1,0,Q41,SOT-23/PMOS
571,1,14,163.25,48.35,-90,1.1,0,Q42,SOT-23/PMOS
572,1,14,163.25,52.45,-90,1.1,0,Q43,SOT-23/PMOS
573,1,14,163.25,56.55,-90,1.1,0,Q44,SOT-23/PMOS
574,1,14,163.25,60.8,-90,1.1,0,Q45,SOT-23/PMOS
575,1,14,183.5,40.5,0,1.1,0,Q71,SOT-23/PMOS
576,1,14,187.6,40.5,0,1.1,0,Q70,SOT-23/PMOS
577,1,14,191.7,40.5,0,1.1,0,Q69,SOT-23/PMOS
578,1,14,195.8,40.5,0,1.1,0,Q68,SOT-23/PMOS
579,1,14,199.85,40.5,0,1.1,0,Q67,SOT-23/PMOS
580,1,14,204,40.5,0,1.1,0,Q66,SOT-23/PMOS
581,1,14,208.1,40.5,0,1.1,0,Q65,SOT-23/PMOS
582,1,14,212.15,40.5,0,1.1,0,Q64,SOT-23/PMOS
583,1,14,216.3,40.5,0,1.1,0,Q63,SOT-23/PMOS
584,1,14,220.35,40.5,0,1.1,0,Q62,SOT-23/PMOS
585,1,14,224.5,40.5,0,1.1,0,Q61,SOT-23/PMOS
586,1,14,228.55,40.5,0,1.1,0,Q60,SOT-23/PMOS
587,1,14,234.75,125.25,90,1.1,0,Q75,SOT-23/PMOS
588,1,14,245.37,67.51,0,1.1,0,Q58,SOT-23/PMOS
589,1,14,249.47,67.51,0,1.1,0,Q57,SOT-23/PMOS
590,1,14,253.57,67.51,0,1.1,0,Q56,SOT-23/PMOS
591,1,14,257.67,67.51,0,1.1,0,Q55,SOT-23/PMOS
592,1,14,261.77,67.51,0,1.1,0,Q54,SOT-23/PMOS
593,1,14,265.87,67.51,0,1.1,0,Q53,SOT-23/PMOS
594,1,14,283.7,44.82,90,1.1,0,Q47,SOT-23/PMOS
595,1,14,283.7,40.72,90,1.1,0,Q48,SOT-23/PMOS
596,1,14,283.7,36.62,90,1.1,0,Q49,SOT-23/PMOS
597,1,14,283.7,32.52,90,1.1,0,Q50,SOT-23/PMOS
598,1,14,283.7,28.42,90,1.1,0,Q51,SOT-23/PMOS
599,1,14,283.7,24.32,90,1.1,0,Q52,SOT-23/PMOS
%Speed 60 Percent Command,,,,,,,,,
%Command,Speed/10,,,,,,,,
0,6,0,0,0,0,0,0,,
600,2,23,7.5,131,170,1.75,0,Q20,SOT-223/NPN
601,2,23,54.25,21,-90,1.75,0,Q33,SOT-223/NPN
602,2,23,125.25,23,90,1.75,0,Q46,SOT-223/NPN
603,2,23,258.5,36.25,-90,1.75,0,Q72,SOT-223/NPN
604,2,23,304.25,34.75,0,1.75,0,Q59,SOT-223/NPN
605,2,24,344.25,154.5,90,2.2,0,D018,SMA/Diode
%Total part cost to here is 16 USD,,,,,,,,,
606,1,18,124.85,107.85,90,1,0,U004,TSOT-23-5/LT1797
607,1,16,303.37,132.59,170,1,1,U001,TSOT-23-6/AP63205Buck
608,2,25,119,98.75,0,1.1,1,U010,MSOP-16/LTC6820
609,2,0,24.5,131.35,90,2,1,U011,SSOP-48/LTC6804-2
610,2,0,54.75,36.75,0,2,1,U012,SSOP-48/LTC6804-2
611,2,0,141.75,19.75,90,2,1,U013,SSOP-48/LTC6804-2
612,2,0,242,40.45,-90,2,1,U015,SSOP-48/LTC6804-2
613,2,0,303,23.01,-90,2,1,U014,SSOP-48/LTC6804-2
%Hand Placed Parts,,,,,,,,,
614,1,0,301.75,56.5,90,1,1,L002,L_0805/1uH
615,1,0,301.75,53.5,90,1,1,L003,L_0805/1uH
616,1,0,319.5,135.25,0,1.9,1,C031,C_1206/68n
617,1,0,339.5,41.5,0,1.9,1,C151,C_1206/68n
618,1,0,289.02,127.05,170,1.25,1,D005,SOD-123/Zener
619,1,0,5,120,90,0.8,1,C173,C_0805/DNP
620,1,0,5,117.5,90,0.8,1,R338,R_0805/DNP
621,1,0,13.5,125.75,90,0.8,1,R007,R_0805/DNP
622,1,0,35.25,23.5,90,0.8,1,R345,R_0805/DNP
623,1,0,39.25,23.5,90,0.8,1,C174,C_0805/DNP
624,1,0,60,27,0,0.8,1,R008,R_0805/DNP
625,1,0,106.75,68.5,0,0.8,1,R358,R_0805/DNP
626,1,0,107.5,63,90,0.8,1,R328,R_0805/DNP
627,1,0,107.5,55.25,90,0.8,1,R329,R_0805/DNP
628,1,0,107.5,65.25,90,0.8,1,R040,R_0805/DNP
629,1,0,107.5,57.5,90,0.8,1,R041,R_0805/DNP
630,1,0,134.75,16,0,0.8,1,R009,R_0805/DNP
631,1,0,146.25,14.16,0,0.8,1,R348,R_0805/DNP
632,1,0,148.75,14.25,0,0.8,1,C175,C_0805/DNP
633,1,0,250,43.25,0,0.8,1,R011,R_0805/DNP
634,1,0,253.73,150.75,90,0.8,1,C032,C_1206/DNP
635,1,0,255.5,23.5,0,0.8,1,R357,R_0805/DNP
636,1,0,258.25,23.5,0,0.8,1,C177,C_0805/DNP
637,2,0,260.1,152.39,0,0.8,1,R076,R_2010/DNP
638,1,0,307,28,90,0.8,1,R010,R_0805/DNP
639,1,0,333.25,41.5,0,0.8,1,C154,C_1206/DNP
640,1,0,336.25,41.5,0,0.8,1,C153,C_1206/DNP
641,2,0,98.25,64.5,0,1.75,1,U002,SOIC-8/LT1487
642,2,0,98.25,56.75,0,1.75,1,U003,SOIC-8/LT1487
