Ref,Val,Package,PosX,PosY,Rot,Side
"C1","1u","C_0805_2012Metric",133.000000,105.750000,270.000000,top
"C2","1u","C_0805_2012Metric",124.250000,141.500000,90.000000,top
"C3","100n","C_0805_2012Metric",90.750000,118.000000,270.000000,top
"C4","100n","C_0805_2012Metric",87.250000,143.500000,0.000000,top
"C5","1u","C_0805_2012Metric",132.250000,85.950000,90.000000,top
"C6","1u","C_0805_2012Metric",129.750000,83.750000,270.000000,top
"C7","1u","C_0805_2012Metric",132.250000,80.750000,90.000000,top
"C8","22u","C_1210_3225Metric",297.800000,132.650000,270.000000,top
"C9","1u","C_0805_2012Metric",129.250000,78.000000,0.000000,top
"C10","100n","C_0805_2012Metric",87.250000,138.500000,0.000000,top
"C11","1u","C_0805_2012Metric",300.750000,132.060000,270.000000,top
"C12","1u","C_0805_2012Metric",132.250000,89.750000,90.000000,top
"C13","1u","C_0805_2012Metric",91.250000,94.250000,0.000000,top
"C14","100n","C_0805_2012Metric",307.670000,131.500000,180.000000,top
"C15","100n","C_0805_2012Metric",101.000000,69.500000,0.000000,top
"C16","100n","C_0805_2012Metric",99.500000,61.250000,0.000000,top
"C17","22u","C_1210_3225Metric",292.890000,127.520000,90.000000,top
"C18","22u","C_1210_3225Metric",300.160000,127.560000,90.000000,top
"C19","22u","C_1210_3225Metric",296.630000,127.530000,90.000000,top
"C20","220u","CP_Elec_10x10",282.400000,126.000000,270.000000,top
"C21","1u","C_0805_2012Metric",227.750000,129.500000,0.000000,top
"C22","100n","C_0805_2012Metric",129.250000,108.500000,270.000000,top
"C23","22u","C_1210_3225Metric",306.250000,55.500000,270.000000,top
"C24","1u","C_0805_2012Metric",284.650000,152.650000,180.000000,top
"C25","22u","C_1210_3225Metric",317.250000,41.000000,180.000000,top
"C26","22u","C_1210_3225Metric",265.500000,120.025000,270.000000,top
"C27","220u","CP_Elec_10x10",314.250000,51.750000,270.000000,top
"C28","220u","CP_Elec_10x10",277.000000,108.000000,270.000000,top
"C29","100n","C_0805_2012Metric",125.000000,112.250000,90.000000,top
"C31","68n","C_1206_3216Metric",320.000000,135.750000,90.000000,top
"C32","DNP","C_1206_3216Metric",254.225000,151.250000,0.000000,top
"C33","22n","C_1206_3216Metric",250.250000,153.775000,90.000000,top
"C34","100n","C_0805_2012Metric",126.500000,94.750000,0.000000,top
"C35","100n","C_0805_2012Metric",31.000000,127.500000,0.000000,top
"C36","100n","C_0805_2012Metric",35.050000,130.000000,180.000000,top
"C37","100n","C_0805_2012Metric",35.050000,135.000000,180.000000,top
"C38","100n","C_0805_2012Metric",35.050000,140.000000,180.000000,top
"C39","100n","C_0805_2012Metric",35.050000,145.000000,180.000000,top
"C40","100n","C_0805_2012Metric",35.000000,150.000000,180.000000,top
"C41","100n","C_0805_2012Metric",39.250000,155.000000,180.000000,top
"C42","100n","C_0805_2012Metric",35.000000,127.500000,180.000000,top
"C43","100n","C_0805_2012Metric",35.050000,132.500000,180.000000,top
"C44","100n","C_0805_2012Metric",35.050000,137.500000,180.000000,top
"C45","100n","C_0805_2012Metric",35.050000,142.500000,180.000000,top
"C46","100n","C_0805_2012Metric",35.000000,147.500000,180.000000,top
"C47","100n","C_0805_2012Metric",35.000000,152.500000,180.000000,top
"C48","100p","C_0805_2012Metric",335.750000,21.500000,0.000000,top
"C49","100n","C_0805_2012Metric",19.000000,129.000000,180.000000,top
"C50","100n","C_0805_2012Metric",6.000000,125.000000,180.000000,top
"C51","1u","C_0805_2012Metric",11.000000,143.250000,0.000000,top
"C52","100p","C_0805_2012Metric",26.400000,22.750000,180.000000,top
"C53","1u","C_0805_2012Metric",10.500000,140.000000,270.000000,top
"C54","1u","C_0805_2012Metric",14.000000,139.250000,270.000000,top
"C55","22n","C_1206_3216Metric",32.500000,7.000000,90.000000,top
"C56","22n","C_1206_3216Metric",29.500000,7.000000,90.000000,top
"C57","100n","C_0805_2012Metric",71.850000,13.250000,90.000000,top
"C58","100n","C_0805_2012Metric",71.850000,21.650000,90.000000,top
"C59","100n","C_0805_2012Metric",71.850000,29.750000,90.000000,top
"C60","100n","C_0805_2012Metric",39.050000,54.250000,270.000000,top
"C61","100n","C_0805_2012Metric",39.050000,46.050000,270.000000,top
"C62","100n","C_0805_2012Metric",39.050000,37.850000,270.000000,top
"C63","100n","C_0805_2012Metric",39.750000,30.000000,180.000000,top
"C64","100n","C_0805_2012Metric",71.850000,17.650000,90.000000,top
"C65","100n","C_0805_2012Metric",71.850000,25.650000,90.000000,top
"C66","100n","C_0805_2012Metric",71.850000,33.850000,90.000000,top
"C67","100n","C_0805_2012Metric",39.050000,50.150000,270.000000,top
"C68","100n","C_0805_2012Metric",39.050000,41.950000,270.000000,top
"C69","100n","C_0805_2012Metric",39.050000,33.550000,270.000000,top
"C70","100n","C_0805_2012Metric",58.000000,33.250000,270.000000,top
"C71","22n","C_1206_3216Metric",36.000000,7.000000,90.000000,top
"C72","22n","C_1206_3216Metric",39.000000,7.000000,90.000000,top
"C73","100n","C_0805_2012Metric",47.250000,22.250000,90.000000,top
"C74","1u","C_0805_2012Metric",43.750000,27.500000,180.000000,top
"C75","1u","C_0805_2012Metric",43.750000,24.750000,180.000000,top
"C76","1u","C_0805_2012Metric",48.000000,26.000000,0.000000,top
"C77","100p","C_0805_2012Metric",43.750000,22.250000,0.000000,top
"C78","22n","C_1206_3216Metric",249.250000,6.750000,90.000000,top
"C79","100n","C_0805_2012Metric",152.250000,16.750000,90.000000,top
"C80","100n","C_0805_2012Metric",152.250000,25.050000,90.000000,top
"C81","100n","C_0805_2012Metric",152.250000,33.350000,90.000000,top
"C82","100n","C_0805_2012Metric",152.250000,41.450000,90.000000,top
"C83","100n","C_0805_2012Metric",152.250000,49.650000,90.000000,top
"C84","100n","C_0805_2012Metric",152.250000,57.850000,90.000000,top
"C85","100n","C_0805_2012Metric",154.950000,64.150000,270.000000,top
"C86","100n","C_0805_2012Metric",152.250000,20.850000,90.000000,top
"C87","100n","C_0805_2012Metric",152.250000,29.250000,90.000000,top
"C88","100n","C_0805_2012Metric",152.250000,37.350000,90.000000,top
"C89","100n","C_0805_2012Metric",152.250000,45.500000,90.000000,top
"C90","100n","C_0805_2012Metric",152.250000,53.750000,90.000000,top
"C91","100n","C_0805_2012Metric",152.250000,61.950000,90.000000,top
"C92","22n","C_1206_3216Metric",252.250000,6.750000,90.000000,top
"C93","100p","C_0805_2012Metric",246.250000,21.700000,180.000000,top
"C94","100n","C_0805_2012Metric",141.000000,17.250000,180.000000,top
"C95","22n","C_1206_3216Metric",322.000000,8.500000,90.000000,top
"C96","22n","C_1206_3216Metric",325.000000,8.500000,90.000000,top
"C97","100n","C_0805_2012Metric",123.250000,29.000000,90.000000,top
"C98","1u","C_0805_2012Metric",129.000000,29.000000,270.000000,top
"C99","1u","C_0805_2012Metric",131.800000,31.000000,0.000000,top
"C100","1u","C_0805_2012Metric",132.000000,27.500000,270.000000,top
"C101","1u","C_0805_2012Metric",131.500000,68.250000,90.000000,top
"C102","1u","C_0805_2012Metric",131.500000,64.250000,90.000000,top
"C103","100p","C_0805_2012Metric",317.050000,23.000000,180.000000,top
"C104","100n","C_0805_2012Metric",295.500000,44.520000,270.000000,top
"C105","100n","C_0805_2012Metric",295.550000,36.270000,270.000000,top
"C106","100n","C_0805_2012Metric",295.550000,28.020000,270.000000,top
"C107","100n","C_0805_2012Metric",265.420000,56.660000,180.000000,top
"C108","100n","C_0805_2012Metric",257.170000,56.660000,180.000000,top
"C109","100n","C_0805_2012Metric",249.170000,56.660000,180.000000,top
"C110","100n","C_0805_2012Metric",244.920000,53.910000,0.000000,top
"C111","100n","C_0805_2012Metric",295.500000,40.520000,270.000000,top
"C112","100n","C_0805_2012Metric",295.550000,32.270000,270.000000,top
"C113","100n","C_0805_2012Metric",295.550000,23.770000,270.000000,top
"C114","100n","C_0805_2012Metric",261.170000,56.660000,180.000000,top
"C115","100n","C_0805_2012Metric",253.170000,56.660000,180.000000,top
"C116","100n","C_0805_2012Metric",244.920000,56.660000,180.000000,top
"C117","100n","C_0805_2012Metric",301.000000,39.500000,90.000000,top
"C118","100n","C_0805_2012Metric",304.000000,41.500000,180.000000,top
"C119","1u","C_0805_2012Metric",303.750000,28.500000,180.000000,top
"C120","1u","C_0805_2012Metric",313.000000,12.250000,270.000000,top
"C121","1u","C_0805_2012Metric",313.000000,16.250000,90.000000,top
"C122","100n","C_0805_2012Metric",228.400000,29.500000,180.000000,top
"C123","100n","C_0805_2012Metric",220.100000,29.500000,180.000000,top
"C124","100n","C_0805_2012Metric",211.850000,29.500000,180.000000,top
"C125","100n","C_0805_2012Metric",203.700000,29.500000,180.000000,top
"C126","100n","C_0805_2012Metric",195.500000,29.500000,180.000000,top
"C127","100n","C_0805_2012Metric",187.200000,29.500000,180.000000,top
"C128","100n","C_0805_2012Metric",181.500000,26.250000,90.000000,top
"C129","100n","C_0805_2012Metric",224.200000,29.500000,180.000000,top
"C130","100n","C_0805_2012Metric",215.950000,29.500000,180.000000,top
"C131","100n","C_0805_2012Metric",207.750000,29.500000,180.000000,top
"C132","100n","C_0805_2012Metric",199.600000,29.500000,180.000000,top
"C133","100n","C_0805_2012Metric",191.400000,29.500000,180.000000,top
"C134","100n","C_0805_2012Metric",183.200000,29.500000,180.000000,top
"C135","100n","C_0805_2012Metric",243.750000,44.000000,0.000000,top
"C136","100n","C_0805_2012Metric",259.500000,31.750000,180.000000,top
"C137","1u","C_0805_2012Metric",256.000000,30.750000,270.000000,top
"C138","1u","C_0805_2012Metric",252.750000,30.000000,0.000000,top
"C139","1u","C_0805_2012Metric",252.750000,33.750000,90.000000,top
"C140","22n","C_1206_3216Metric",256.000000,6.750000,90.000000,top
"C141","22n","C_1206_3216Metric",259.000000,6.750000,90.000000,top
"C142","100p","C_0805_2012Metric",262.000000,21.750000,0.000000,top
"C143","22u","C_1210_3225Metric",139.750000,106.000000,270.000000,top
"C144","1u","C_0805_2012Metric",143.750000,117.750000,270.000000,top
"C145","22u","C_1210_3225Metric",260.750000,122.500000,180.000000,top
"C146","22u","C_1210_3225Metric",296.500000,56.250000,0.000000,top
"C147","1u","C_0805_2012Metric",317.750000,44.250000,180.000000,top
"C148","22n","C_1206_3216Metric",333.500000,33.500000,180.000000,top
"C149","100n","C_0805_2012Metric",317.750000,37.750000,0.000000,top
"C150","22n","C_1206_3216Metric",339.750000,33.500000,180.000000,top
"C151","68n","C_1206_3216Metric",342.750000,42.000000,90.000000,top
"C152","22n","C_1206_3216Metric",339.750000,42.000000,90.000000,top
"C153","DNP","C_1206_3216Metric",336.750000,42.000000,90.000000,top
"C154","DNP","C_1206_3216Metric",333.750000,42.000000,90.000000,top
"C155","1u","C_0805_2012Metric",131.500000,60.250000,270.000000,top
"C156","1u","C_0805_2012Metric",126.500000,68.250000,90.000000,top
"C157","1u","C_0805_2012Metric",126.500000,64.250000,90.000000,top
"C158","1u","C_0805_2012Metric",126.500000,60.250000,270.000000,top
"C159","100p","C_0805_2012Metric",80.000000,53.000000,90.000000,top
"C160","100p","C_0805_2012Metric",73.500000,53.000000,270.000000,top
"C161","100p","C_0805_2012Metric",116.800000,96.600000,90.000000,top
"C162","100p","C_0805_2012Metric",112.000000,101.400000,270.000000,top
"C163","100p","C_0805_2012Metric",129.800000,54.400000,0.000000,top
"C164","1u","C_0805_2012Metric",125.500000,87.750000,90.000000,top
"C165","100n","C_0805_2012Metric",290.500000,132.500000,90.000000,top
"C166","1u","C_0805_2012Metric",124.750000,83.750000,270.000000,top
"C167","1u","C_0805_2012Metric",123.500000,79.750000,90.000000,top
"C168","1u","C_0805_2012Metric",123.500000,75.750000,270.000000,top
"C169","100n","C_0805_2012Metric",108.000000,61.250000,180.000000,top
"C170","100n","C_0805_2012Metric",121.000000,107.750000,180.000000,top
"C171","100n","C_0805_2012Metric",133.000000,97.500000,90.000000,top
"C172","100p","C_0805_2012Metric",126.750000,98.750000,180.000000,top
"C173","DNP","C_0805_2012Metric",5.500000,120.500000,0.000000,top
"C174","DNP","C_0805_2012Metric",39.750000,24.000000,180.000000,top
"C175","DNP","C_0805_2012Metric",149.250000,14.750000,90.000000,top
"C177","DNP","C_0805_2012Metric",258.750000,24.000000,90.000000,top
"D1","LED","LED_0805_2012Metric_Castellated",85.500000,154.250000,270.000000,top
"D2","LED","LED_0805_2012Metric_Castellated",89.500000,154.250000,270.000000,top
"D3","LED","LED_0805_2012Metric_Castellated",93.500000,154.250000,270.000000,top
"D4","LED","LED_0805_2012Metric_Castellated",109.500000,154.250000,270.000000,top
"D5","D_Zener_ALT","D_SOD-123",289.520000,127.550000,90.000000,top
"D6","Q_TRIAC_A1A2G","TO-252-3_TabPin2",254.200000,144.800000,0.000000,top
"D7","LED","LED_0805_2012Metric_Castellated",6.000000,141.000000,180.000000,top
"D8","LED","LED_0805_2012Metric_Castellated",62.250000,24.250000,0.000000,top
"D9","LED","LED_0805_2012Metric_Castellated",128.750000,17.250000,270.000000,top
"D10","LED","LED_0805_2012Metric_Castellated",307.750000,8.500000,0.000000,top
"D11","1N4148W","D_SOD-123",185.600000,127.800000,0.000000,top
"D12","1N4148W","D_SOD-123",185.600000,124.800000,0.000000,top
"D13","1N4148W","D_SOD-123",260.750000,119.000000,180.000000,top
"D14","LED","LED_0805_2012Metric_Castellated",229.787500,155.000000,180.000000,top
"D15","LED","LED_0805_2012Metric_Castellated",293.400000,142.137500,270.000000,top
"D16","1N4148W","D_SOD-123",148.000000,105.250000,90.000000,top
"D17","LED","LED_0805_2012Metric_Castellated",256.250000,43.212500,90.000000,top
"D18","D","D_SMA",344.750000,155.000000,180.000000,top
"L1","4.7u","L_TDK_SLF7045",305.950000,125.750000,90.000000,top
"L2","1u","L_0805_2012Metric",302.250000,57.000000,180.000000,top
"L3","1u","L_0805_2012Metric",302.250000,54.000000,0.000000,top
"Q1","Q_NMOS_GSD","SOT-23",109.000000,147.250000,270.000000,top
"Q2","Q_NMOS_GSD","SOT-23",92.000000,132.250000,90.000000,top
"Q3","Q_NMOS_GSD","SOT-23",113.250000,75.000000,0.000000,top
"Q4","Q_NMOS_GSD","SOT-23",117.500000,57.500000,180.000000,top
"Q5","Q_NMOS_GSD","SOT-23",198.000000,127.500000,270.000000,top
"Q6","Q_NMOS_GSD","SOT-23",191.200000,127.300000,90.000000,top
"Q7","Q_NMOS_GSD","SOT-23",255.750000,120.500000,0.000000,top
"Q8","Q_PMOS_GSD","SOT-23",68.000000,130.500000,0.000000,top
"Q9","Q_PMOS_GSD","SOT-23",52.500000,131.500000,0.000000,top
"Q10","Q_PMOS_GSD","SOT-23",68.000000,134.500000,0.000000,top
"Q11","Q_PMOS_GSD","SOT-23",52.500000,136.500000,0.000000,top
"Q12","Q_PMOS_GSD","SOT-23",68.000000,138.500000,0.000000,top
"Q13","Q_PMOS_GSD","SOT-23",52.500000,141.500000,0.000000,top
"Q14","Q_PMOS_GSD","SOT-23",68.100000,142.550000,0.000000,top
"Q15","Q_PMOS_GSD","SOT-23",52.500000,146.500000,0.000000,top
"Q16","Q_PMOS_GSD","SOT-23",68.000000,146.500000,0.000000,top
"Q17","Q_PMOS_GSD","SOT-23",52.500000,151.500000,0.000000,top
"Q18","Q_PMOS_GSD","SOT-23",68.000000,150.500000,0.000000,top
"Q19","Q_PMOS_GSD","SOT-23",68.000000,154.500000,0.000000,top
"Q20","Q_NPN_BCEC","SOT-223",8.000000,131.500000,270.000000,top
"Q21","Q_PMOS_GSD","SOT-23",83.350000,12.550000,0.000000,top
"Q22","Q_PMOS_GSD","SOT-23",83.350000,16.550000,0.000000,top
"Q23","Q_PMOS_GSD","SOT-23",83.350000,20.750000,0.000000,top
"Q24","Q_PMOS_GSD","SOT-23",83.350000,24.850000,0.000000,top
"Q25","Q_PMOS_GSD","SOT-23",83.350000,28.950000,0.000000,top
"Q26","Q_PMOS_GSD","SOT-23",83.350000,33.050000,0.000000,top
"Q27","Q_PMOS_GSD","SOT-23",27.550000,54.850000,180.000000,top
"Q28","Q_PMOS_GSD","SOT-23",27.550000,50.750000,180.000000,top
"Q29","Q_PMOS_GSD","SOT-23",27.550000,46.650000,180.000000,top
"Q30","Q_PMOS_GSD","SOT-23",27.550000,42.550000,180.000000,top
"Q31","Q_PMOS_GSD","SOT-23",27.550000,38.450000,180.000000,top
"Q32","Q_PMOS_GSD","SOT-23",27.550000,34.350000,180.000000,top
"Q33","Q_NPN_BCEC","SOT-223",54.750000,21.500000,0.000000,top
"Q34","Q_PMOS_GSD","SOT-23",163.750000,15.950000,0.000000,top
"Q35","Q_PMOS_GSD","SOT-23",163.750000,20.150000,0.000000,top
"Q36","Q_PMOS_GSD","SOT-23",163.750000,24.250000,0.000000,top
"Q37","Q_PMOS_GSD","SOT-23",163.750000,28.350000,0.000000,top
"Q38","Q_PMOS_GSD","SOT-23",163.750000,32.450000,0.000000,top
"Q39","Q_PMOS_GSD","SOT-23",163.750000,36.550000,0.000000,top
"Q40","Q_PMOS_GSD","SOT-23",163.750000,40.650000,0.000000,top
"Q41","Q_PMOS_GSD","SOT-23",163.750000,44.750000,0.000000,top
"Q42","Q_PMOS_GSD","SOT-23",163.750000,48.850000,0.000000,top
"Q43","Q_PMOS_GSD","SOT-23",163.750000,52.950000,0.000000,top
"Q44","Q_PMOS_GSD","SOT-23",163.750000,57.050000,0.000000,top
"Q45","Q_PMOS_GSD","SOT-23",163.750000,61.300000,0.000000,top
"Q46","Q_NPN_BCEC","SOT-223",125.750000,23.500000,180.000000,top
"Q47","Q_PMOS_GSD","SOT-23",284.200000,45.320000,180.000000,top
"Q48","Q_PMOS_GSD","SOT-23",284.200000,41.220000,180.000000,top
"Q49","Q_PMOS_GSD","SOT-23",284.200000,37.120000,180.000000,top
"Q50","Q_PMOS_GSD","SOT-23",284.200000,33.020000,180.000000,top
"Q51","Q_PMOS_GSD","SOT-23",284.200000,28.920000,180.000000,top
"Q52","Q_PMOS_GSD","SOT-23",284.200000,24.820000,180.000000,top
"Q53","Q_PMOS_GSD","SOT-23",266.370000,68.010000,90.000000,top
"Q54","Q_PMOS_GSD","SOT-23",262.270000,68.010000,90.000000,top
"Q55","Q_PMOS_GSD","SOT-23",258.170000,68.010000,90.000000,top
"Q56","Q_PMOS_GSD","SOT-23",254.070000,68.010000,90.000000,top
"Q57","Q_PMOS_GSD","SOT-23",249.970000,68.010000,90.000000,top
"Q58","Q_PMOS_GSD","SOT-23",245.870000,68.010000,90.000000,top
"Q59","Q_NPN_BCEC","SOT-223",304.750000,35.250000,90.000000,top
"Q60","Q_PMOS_GSD","SOT-23",229.050000,41.000000,90.000000,top
"Q61","Q_PMOS_GSD","SOT-23",225.000000,41.000000,90.000000,top
"Q62","Q_PMOS_GSD","SOT-23",220.850000,41.000000,90.000000,top
"Q63","Q_PMOS_GSD","SOT-23",216.800000,41.000000,90.000000,top
"Q64","Q_PMOS_GSD","SOT-23",212.650000,41.000000,90.000000,top
"Q65","Q_PMOS_GSD","SOT-23",208.600000,41.000000,90.000000,top
"Q66","Q_PMOS_GSD","SOT-23",204.500000,41.000000,90.000000,top
"Q67","Q_PMOS_GSD","SOT-23",200.350000,41.000000,90.000000,top
"Q68","Q_PMOS_GSD","SOT-23",196.300000,41.000000,90.000000,top
"Q69","Q_PMOS_GSD","SOT-23",192.200000,41.000000,90.000000,top
"Q70","Q_PMOS_GSD","SOT-23",188.100000,41.000000,90.000000,top
"Q71","Q_PMOS_GSD","SOT-23",184.000000,41.000000,90.000000,top
"Q72","Q_NPN_BCEC","SOT-223",259.000000,36.750000,0.000000,top
"Q73","Q_NMOS_GSD","SOT-23",144.750000,104.000000,90.000000,top
"Q74","Q_NMOS_GSD","SOT-23",244.500000,122.250000,0.000000,top
"Q75","Q_PMOS_GSD","SOT-23",235.250000,125.750000,180.000000,top
"Q76","Q_NMOS_GSD","SOT-23",243.750000,126.500000,180.000000,top
"Q77","Q_PMOS_GSD","SOT-23",110.500000,68.750000,270.000000,top
"R1","1k24","R_0805_2012Metric",85.500000,150.250000,270.000000,top
"R2","1k24","R_0805_2012Metric",88.000000,150.250000,270.000000,top
"R3","1k24","R_0805_2012Metric",90.500000,150.250000,270.000000,top
"R4","1k24","R_0805_2012Metric",129.000000,60.250000,270.000000,top
"R5","1k24","R_0805_2012Metric",93.000000,150.250000,270.000000,top
"R6","71k5","R_0805_2012Metric",90.500000,144.250000,270.000000,top
"R7","DNP","R_0805_2012Metric",14.000000,126.250000,180.000000,top
"R8","DNP","R_0805_2012Metric",60.500000,27.500000,270.000000,top
"R9","DNP","R_0805_2012Metric",135.250000,16.500000,270.000000,top
"R10","DNP","R_0805_2012Metric",307.500000,28.500000,0.000000,top
"R11","DNP","R_0805_2012Metric",250.500000,43.750000,90.000000,top
"R12","1k24","R_0805_2012Metric",129.000000,64.250000,90.000000,top
"R13","10k","R_0805_2012Metric",109.000000,150.500000,180.000000,top
"R14","1k24","R_0805_2012Metric",129.000000,68.250000,90.000000,top
"R15","7k32","R_0805_2012Metric",142.750000,101.000000,180.000000,top
"R16","100","R_0805_2012Metric",91.500000,121.250000,180.000000,top
"R17","100","R_0805_2012Metric",111.250000,138.750000,90.000000,top
"R18","10k","R_0805_2012Metric",87.250000,133.500000,180.000000,top
"R19","10k","R_0805_2012Metric",124.000000,68.250000,90.000000,top
"R20","71k5","R_0805_2012Metric",87.250000,141.000000,0.000000,top
"R21","71k5","R_0805_2012Metric",87.250000,146.000000,180.000000,top
"R22","100k","R_0805_2012Metric",104.500000,131.750000,90.000000,top
"R23","100","R_0805_2012Metric",90.500000,136.250000,270.000000,top
"R24","1k24","R_0805_2012Metric",128.750000,87.000000,0.000000,top
"R25","1k24","R_0805_2012Metric",127.250000,83.750000,90.000000,top
"R26","7k32","R_0805_2012Metric",109.750000,75.000000,270.000000,top
"R27","100k","R_0805_2012Metric",87.250000,136.000000,180.000000,top
"R28","1k24","R_0805_2012Metric",129.250000,80.500000,0.000000,top
"R29","768","R_0805_2012Metric",110.500000,72.000000,0.000000,top
"R30","20","R_0805_2012Metric",113.500000,71.000000,90.000000,top
"R31","1k24","R_0805_2012Metric",129.250000,75.500000,0.000000,top
"R32","100k","R_0805_2012Metric",90.500000,140.250000,90.000000,top
"R33","768","R_0805_2012Metric",130.000000,89.750000,270.000000,top
"R34","10k","R_0805_2012Metric",91.250000,96.750000,180.000000,top
"R35","10k","R_0805_2012Metric",123.000000,87.750000,90.000000,top
"R36","10k","R_0805_2012Metric",122.250000,83.750000,270.000000,top
"R37","10k","R_0805_2012Metric",126.000000,79.750000,90.000000,top
"R38","10k","R_0805_2012Metric",126.000000,75.750000,270.000000,top
"R39","7k32","R_0805_2012Metric",120.750000,57.500000,90.000000,top
"R40","DNP","R_0805_2012Metric",108.000000,65.750000,0.000000,top
"R41","DNP","R_0805_2012Metric",108.000000,58.000000,0.000000,top
"R42","7k32","R_0805_2012Metric",106.750000,76.250000,270.000000,top
"R43","1k24","R_0805_2012Metric",104.450000,66.700000,270.000000,top
"R44","1k24","R_0805_2012Metric",104.450000,62.850000,270.000000,top
"R45","1k24","R_0805_2012Metric",104.450000,58.950000,270.000000,top
"R46","1k24","R_0805_2012Metric",104.450000,55.100000,270.000000,top
"R47","7k32","R_0805_2012Metric",132.250000,76.500000,90.000000,top
"R48","10k","R_0805_2012Metric",124.000000,64.250000,90.000000,top
"R49","10k","R_0805_2012Metric",252.250000,120.500000,270.000000,top
"R50","100","R_0805_2012Metric",120.250000,116.250000,90.000000,top
"R51","10k","R_0805_2012Metric",125.250000,116.250000,90.000000,top
"R52","10k","R_0805_2012Metric",128.250000,112.250000,0.000000,top
"R53","768","R_0805_2012Metric",117.750000,116.250000,90.000000,top
"R54","100","R_0805_2012Metric",121.000000,112.750000,0.000000,top
"R55","10k","R_0805_2012Metric",117.750000,112.500000,90.000000,top
"R56","10k","R_0805_2012Metric",117.750000,108.500000,90.000000,top
"R57","7k32","R_0805_2012Metric",119.750000,105.250000,180.000000,top
"R58","10k","R_0805_2012Metric",124.000000,60.250000,270.000000,top
"R59","100","R_0805_2012Metric",230.000000,150.000000,180.000000,top
"R60","1k24","R_0805_2012Metric",284.587500,155.150000,0.000000,top
"R61","10k","R_0805_2012Metric",287.850000,154.400000,90.000000,top
"R62","75","R_2010_5025Metric",229.100000,46.400000,90.000000,top
"R63","100","R_0805_2012Metric",296.000000,138.500000,270.000000,top
"R64","75","R_2010_5025Metric",225.000000,46.400000,90.000000,top
"R65","100","R_0805_2012Metric",312.000000,124.250000,0.000000,top
"R66","71k5","R_0805_2012Metric",121.000000,110.250000,180.000000,top
"R67","100k","R_0805_2012Metric",123.750000,105.250000,180.000000,top
"R68","100","R_0805_2012Metric",246.662500,155.250000,180.000000,top
"R69","10k","R_0805_2012Metric",316.500000,137.000000,0.000000,top
"R70","10k","R_0805_2012Metric",316.500000,134.500000,180.000000,top
"R71","10k","R_0805_2012Metric",327.750000,134.200000,270.000000,top
"R72","10k","R_0805_2012Metric",324.250000,137.000000,0.000000,top
"R73","75","R_2010_5025Metric",255.062500,154.500000,180.000000,top
"R74","100k","R_0805_2012Metric",264.612500,152.700000,0.000000,top
"R75","100k","R_0805_2012Metric",264.600000,155.100000,0.000000,top
"R76","DNP","R_2010_5025Metric",260.600000,152.887500,90.000000,top
"R77","100k","R_0805_2012Metric",268.500000,155.150000,0.000000,top
"R78","100","R_0805_2012Metric",246.750000,150.250000,180.000000,top
"R79","100k","R_0805_2012Metric",268.500000,152.700000,0.000000,top
"R80","71k5","R_0805_2012Metric",137.250000,48.250000,90.000000,top
"R81","1k24","R_0805_2012Metric",85.000000,50.250000,270.000000,top
"R82","100","R_0805_2012Metric",83.000000,53.500000,0.000000,top
"R83","75","R_2010_5025Metric",74.000000,130.500000,0.000000,top
"R84","75","R_2010_5025Metric",58.500000,131.500000,0.000000,top
"R85","75","R_2010_5025Metric",74.000000,134.500000,0.000000,top
"R86","75","R_2010_5025Metric",58.500000,136.500000,0.000000,top
"R87","75","R_2010_5025Metric",74.000000,138.500000,0.000000,top
"R88","75","R_2010_5025Metric",58.500000,141.500000,0.000000,top
"R89","75","R_2010_5025Metric",74.100000,142.550000,0.000000,top
"R90","75","R_2010_5025Metric",58.500000,146.500000,0.000000,top
"R91","75","R_2010_5025Metric",74.000000,146.500000,0.000000,top
"R92","75","R_2010_5025Metric",58.500000,151.500000,0.000000,top
"R93","75","R_2010_5025Metric",74.000000,150.500000,0.000000,top
"R94","75","R_2010_5025Metric",74.000000,154.500000,0.000000,top
"R95","100","R_0805_2012Metric",27.000000,127.500000,180.000000,top
"R96","100","R_0805_2012Metric",39.000000,127.500000,0.000000,top
"R97","100","R_0805_2012Metric",39.000000,130.000000,0.000000,top
"R98","100","R_0805_2012Metric",39.012500,132.500000,0.000000,top
"R99","100","R_0805_2012Metric",39.012500,135.000000,0.000000,top
"R100","100","R_0805_2012Metric",39.012500,137.500000,0.000000,top
"R101","100","R_0805_2012Metric",39.012500,140.000000,0.000000,top
"R102","100","R_0805_2012Metric",39.012500,142.550000,0.000000,top
"R103","100","R_0805_2012Metric",39.000000,145.000000,0.000000,top
"R104","100","R_0805_2012Metric",39.000000,147.500000,0.000000,top
"R105","100","R_0805_2012Metric",39.000000,150.000000,0.000000,top
"R106","100","R_0805_2012Metric",39.162500,152.500000,0.000000,top
"R107","100","R_0805_2012Metric",35.000000,155.000000,180.000000,top
"R108","1k24","R_0805_2012Metric",64.250000,130.000000,0.000000,top
"R109","1k24","R_0805_2012Metric",48.337500,132.250000,0.000000,top
"R110","1k24","R_0805_2012Metric",64.250000,134.250000,0.000000,top
"R111","1k24","R_0805_2012Metric",48.337500,137.250000,0.000000,top
"R112","1k24","R_0805_2012Metric",64.250000,138.500000,0.000000,top
"R113","1k24","R_0805_2012Metric",48.337500,142.250000,0.000000,top
"R114","1k24","R_0805_2012Metric",64.250000,142.750000,0.000000,top
"R115","1k24","R_0805_2012Metric",48.337500,147.250000,0.000000,top
"R116","1k24","R_0805_2012Metric",64.250000,147.000000,0.000000,top
"R117","1k24","R_0805_2012Metric",48.250000,152.250000,0.000000,top
"R118","1k24","R_0805_2012Metric",64.250000,151.750000,0.000000,top
"R119","1k24","R_0805_2012Metric",64.250000,155.000000,0.000000,top
"R120","768","R_0805_2012Metric",122.750000,101.250000,180.000000,top
"R121","1k24","R_0805_2012Metric",79.250000,57.000000,270.000000,top
"R122","1k24","R_0805_2012Metric",118.750000,101.250000,180.000000,top
"R123","100","R_0805_2012Metric",17.500000,126.000000,90.000000,top
"R124","100","R_0805_2012Metric",10.000000,124.250000,0.000000,top
"R125","7k32","R_0805_2012Metric",5.687500,138.400000,0.000000,top
"R126","768","R_0805_2012Metric",14.037500,131.150000,180.000000,top
"R127","10k","R_0805_2012Metric",15.000000,143.250000,0.000000,top
"R128","1k24","R_0805_2012Metric",14.000000,128.850000,180.000000,top
"R129","5M","R_1206_3216Metric",24.800000,19.000000,90.000000,top
"R130","5M","R_0805_2012Metric",336.700000,14.000000,180.000000,top
"R131","5M","R_1206_3216Metric",24.800000,13.750000,90.000000,top
"R132","75","R_2010_5025Metric",88.750000,12.550000,0.000000,top
"R133","75","R_2010_5025Metric",88.750000,16.650000,0.000000,top
"R134","75","R_2010_5025Metric",88.750000,20.750000,0.000000,top
"R135","75","R_2010_5025Metric",88.750000,24.850000,0.000000,top
"R136","75","R_2010_5025Metric",88.750000,28.950000,0.000000,top
"R137","75","R_2010_5025Metric",88.750000,33.050000,0.000000,top
"R138","75","R_2010_5025Metric",22.150000,54.850000,180.000000,top
"R139","75","R_2010_5025Metric",22.150000,50.750000,180.000000,top
"R140","75","R_2010_5025Metric",22.150000,46.650000,180.000000,top
"R141","75","R_2010_5025Metric",22.150000,42.550000,180.000000,top
"R142","75","R_2010_5025Metric",22.150000,38.450000,180.000000,top
"R143","75","R_2010_5025Metric",22.150000,34.350000,180.000000,top
"R144","100","R_0805_2012Metric",75.308000,11.350000,0.000000,top
"R145","100","R_0805_2012Metric",75.250000,15.350000,0.000000,top
"R146","100","R_0805_2012Metric",75.250000,19.550000,0.000000,top
"R147","100","R_0805_2012Metric",75.250000,23.550000,0.000000,top
"R148","100","R_0805_2012Metric",75.250000,27.750000,0.000000,top
"R149","100","R_0805_2012Metric",75.250000,31.850000,0.000000,top
"R150","100","R_0805_2012Metric",35.700000,56.000000,180.000000,top
"R151","100","R_0805_2012Metric",35.650000,52.050000,180.000000,top
"R152","100","R_0805_2012Metric",35.650000,47.950000,180.000000,top
"R153","100","R_0805_2012Metric",35.650000,43.850000,180.000000,top
"R154","100","R_0805_2012Metric",35.650000,39.850000,180.000000,top
"R155","100","R_0805_2012Metric",35.650000,35.650000,180.000000,top
"R156","100","R_0805_2012Metric",35.750000,31.750000,180.000000,top
"R157","1k24","R_0805_2012Metric",79.250000,13.350000,0.000000,top
"R158","1k24","R_0805_2012Metric",79.250000,17.350000,0.000000,top
"R159","1k24","R_0805_2012Metric",79.250000,21.550000,0.000000,top
"R160","1k24","R_0805_2012Metric",79.250000,25.550000,0.000000,top
"R161","1k24","R_0805_2012Metric",79.250000,29.750000,0.000000,top
"R162","1k24","R_0805_2012Metric",79.250000,33.850000,0.000000,top
"R163","1k24","R_0805_2012Metric",31.650000,54.050000,180.000000,top
"R164","1k24","R_0805_2012Metric",31.650000,49.950000,180.000000,top
"R165","1k24","R_0805_2012Metric",31.650000,45.850000,180.000000,top
"R166","1k24","R_0805_2012Metric",31.650000,41.750000,180.000000,top
"R167","1k24","R_0805_2012Metric",31.650000,37.650000,180.000000,top
"R168","1k24","R_0805_2012Metric",31.650000,33.550000,180.000000,top
"R169","100","R_0805_2012Metric",61.750000,31.662500,90.000000,top
"R170","100","R_0805_2012Metric",64.000000,21.000000,0.000000,top
"R171","7k32","R_0805_2012Metric",63.500000,27.500000,90.000000,top
"R172","768","R_0805_2012Metric",55.500000,27.500000,270.000000,top
"R173","10k","R_0805_2012Metric",39.750000,27.000000,180.000000,top
"R174","1k24","R_0805_2012Metric",58.000000,27.500000,270.000000,top
"R175","5M","R_1206_3216Metric",44.750000,13.250000,90.000000,top
"R176","5M","R_1206_3216Metric",44.750000,18.250000,90.000000,top
"R177","75","R_2010_5025Metric",169.150000,15.950000,0.000000,top
"R178","75","R_2010_5025Metric",169.150000,20.150000,0.000000,top
"R179","75","R_2010_5025Metric",169.150000,24.250000,0.000000,top
"R180","75","R_2010_5025Metric",169.150000,28.350000,0.000000,top
"R181","75","R_2010_5025Metric",169.150000,32.450000,0.000000,top
"R182","75","R_2010_5025Metric",169.150000,36.550000,0.000000,top
"R183","75","R_2010_5025Metric",169.150000,40.650000,0.000000,top
"R184","75","R_2010_5025Metric",169.150000,44.750000,0.000000,top
"R185","75","R_2010_5025Metric",169.150000,48.850000,0.000000,top
"R186","75","R_2010_5025Metric",169.150000,52.950000,0.000000,top
"R187","75","R_2010_5025Metric",169.150000,57.050000,0.000000,top
"R188","75","R_2010_5025Metric",167.750000,63.000000,90.000000,top
"R189","100","R_0805_2012Metric",155.650000,14.650000,0.000000,top
"R190","100","R_0805_2012Metric",155.650000,18.850000,0.000000,top
"R191","100","R_0805_2012Metric",155.650000,23.050000,0.000000,top
"R192","100","R_0805_2012Metric",155.650000,27.050000,0.000000,top
"R193","100","R_0805_2012Metric",155.650000,31.250000,0.000000,top
"R194","100","R_0805_2012Metric",155.650000,35.350000,0.000000,top
"R195","100","R_0805_2012Metric",155.650000,39.450000,0.000000,top
"R196","100","R_0805_2012Metric",155.650000,43.450000,0.000000,top
"R197","100","R_0805_2012Metric",155.650000,47.550000,0.000000,top
"R198","100","R_0805_2012Metric",155.650000,51.750000,0.000000,top
"R199","100","R_0805_2012Metric",155.637500,55.750000,0.000000,top
"R200","100","R_0805_2012Metric",155.637500,59.950000,0.000000,top
"R201","100","R_0805_2012Metric",158.000000,65.500000,90.000000,top
"R202","1k24","R_0805_2012Metric",159.650000,16.750000,0.000000,top
"R203","1k24","R_0805_2012Metric",159.650000,20.950000,0.000000,top
"R204","1k24","R_0805_2012Metric",159.650000,25.050000,0.000000,top
"R205","1k24","R_0805_2012Metric",159.650000,29.150000,0.000000,top
"R206","1k24","R_0805_2012Metric",159.650000,33.250000,0.000000,top
"R207","1k24","R_0805_2012Metric",159.650000,37.350000,0.000000,top
"R208","1k24","R_0805_2012Metric",159.650000,41.450000,0.000000,top
"R209","1k24","R_0805_2012Metric",159.650000,45.550000,0.000000,top
"R210","1k24","R_0805_2012Metric",159.650000,49.650000,0.000000,top
"R211","1k24","R_0805_2012Metric",159.650000,53.750000,0.000000,top
"R212","1k24","R_0805_2012Metric",159.650000,57.850000,0.000000,top
"R213","1k24","R_0805_2012Metric",159.650000,62.050000,0.000000,top
"R214","5M","R_1206_3216Metric",244.750000,12.750000,90.000000,top
"R215","5M","R_1206_3216Metric",244.750000,18.000000,90.000000,top
"R216","100","R_0805_2012Metric",144.250000,16.500000,90.000000,top
"R217","100","R_0805_2012Metric",122.250000,17.500000,270.000000,top
"R218","7k32","R_0805_2012Metric",125.750000,17.250000,90.000000,top
"R219","768","R_0805_2012Metric",132.250000,18.500000,180.000000,top
"R220","10k","R_0805_2012Metric",126.500000,29.000000,90.000000,top
"R221","1k24","R_0805_2012Metric",137.750000,16.500000,270.000000,top
"R222","5M","R_1206_3216Metric",318.750000,14.250000,90.000000,top
"R223","100","R_0805_2012Metric",19.000000,5.400000,180.000000,top
"R224","5M","R_1206_3216Metric",318.750000,19.500000,90.000000,top
"R225","75","R_2010_5025Metric",278.800000,45.320000,180.000000,top
"R226","75","R_2010_5025Metric",278.800000,41.220000,180.000000,top
"R227","75","R_2010_5025Metric",278.800000,37.120000,180.000000,top
"R228","75","R_2010_5025Metric",278.800000,33.020000,180.000000,top
"R229","75","R_2010_5025Metric",278.800000,28.920000,180.000000,top
"R230","75","R_2010_5025Metric",278.800000,24.820000,180.000000,top
"R231","75","R_2010_5025Metric",266.370000,73.410000,90.000000,top
"R232","75","R_2010_5025Metric",262.270000,73.410000,90.000000,top
"R233","75","R_2010_5025Metric",258.170000,73.410000,90.000000,top
"R234","75","R_2010_5025Metric",254.070000,73.410000,90.000000,top
"R235","75","R_2010_5025Metric",249.970000,73.410000,90.000000,top
"R236","75","R_2010_5025Metric",245.870000,73.410000,90.000000,top
"R237","100","R_0805_2012Metric",292.300000,46.520000,180.000000,top
"R238","100","R_0805_2012Metric",292.300000,42.520000,180.000000,top
"R239","100","R_0805_2012Metric",292.212500,38.420000,180.000000,top
"R240","100","R_0805_2012Metric",292.300000,34.270000,180.000000,top
"R241","100","R_0805_2012Metric",292.212500,30.220000,180.000000,top
"R242","100","R_0805_2012Metric",292.212500,26.020000,180.000000,top
"R243","100","R_0805_2012Metric",267.670000,59.997500,90.000000,top
"R244","100","R_0805_2012Metric",263.420000,59.910000,90.000000,top
"R245","100","R_0805_2012Metric",259.420000,59.997500,90.000000,top
"R246","100","R_0805_2012Metric",255.420000,59.997500,90.000000,top
"R247","100","R_0805_2012Metric",251.270000,59.997500,90.000000,top
"R248","100","R_0805_2012Metric",247.170000,59.997500,90.000000,top
"R249","100","R_0805_2012Metric",243.170000,59.997500,90.000000,top
"R250","1k24","R_0805_2012Metric",288.300000,44.520000,180.000000,top
"R251","1k24","R_0805_2012Metric",288.300000,40.520000,180.000000,top
"R252","1k24","R_0805_2012Metric",288.300000,36.270000,180.000000,top
"R253","1k24","R_0805_2012Metric",288.300000,32.270000,180.000000,top
"R254","1k24","R_0805_2012Metric",288.300000,28.270000,180.000000,top
"R255","1k24","R_0805_2012Metric",288.300000,24.020000,180.000000,top
"R256","1k24","R_0805_2012Metric",265.670000,63.910000,90.000000,top
"R257","1k24","R_0805_2012Metric",261.420000,63.910000,90.000000,top
"R258","1k24","R_0805_2012Metric",257.420000,63.910000,90.000000,top
"R259","1k24","R_0805_2012Metric",253.420000,63.910000,90.000000,top
"R260","1k24","R_0805_2012Metric",249.270000,63.910000,90.000000,top
"R261","1k24","R_0805_2012Metric",245.170000,63.910000,90.000000,top
"R262","100","R_0805_2012Metric",300.000000,43.000000,180.000000,top
"R263","100","R_0805_2012Metric",300.000000,45.500000,180.000000,top
"R264","7k32","R_0805_2012Metric",312.250000,8.500000,0.000000,top
"R265","768","R_0805_2012Metric",311.250000,26.000000,0.000000,top
"R266","10k","R_0805_2012Metric",303.750000,26.000000,180.000000,top
"R267","1k24","R_0805_2012Metric",307.500000,26.000000,0.000000,top
"R268","75","R_2010_5025Metric",220.900000,46.400000,90.000000,top
"R269","75","R_2010_5025Metric",216.800000,46.400000,90.000000,top
"R270","75","R_2010_5025Metric",212.700000,46.400000,90.000000,top
"R271","75","R_2010_5025Metric",208.600000,46.400000,90.000000,top
"R272","75","R_2010_5025Metric",204.500000,46.400000,90.000000,top
"R273","75","R_2010_5025Metric",200.400000,46.400000,90.000000,top
"R274","75","R_2010_5025Metric",196.300000,46.400000,90.000000,top
"R275","75","R_2010_5025Metric",192.200000,46.400000,90.000000,top
"R276","75","R_2010_5025Metric",188.100000,46.400000,90.000000,top
"R277","75","R_2010_5025Metric",184.000000,46.400000,90.000000,top
"R278","100","R_0805_2012Metric",230.300000,32.400000,90.000000,top
"R279","100","R_0805_2012Metric",226.300000,32.900000,90.000000,top
"R280","100","R_0805_2012Metric",222.200000,32.900000,90.000000,top
"R281","100","R_0805_2012Metric",218.100000,32.900000,90.000000,top
"R282","100","R_0805_2012Metric",213.900000,32.900000,90.000000,top
"R283","100","R_0805_2012Metric",209.900000,32.900000,90.000000,top
"R284","100","R_0805_2012Metric",205.800000,32.900000,90.000000,top
"R285","100","R_0805_2012Metric",201.700000,32.900000,90.000000,top
"R286","100","R_0805_2012Metric",197.600000,32.900000,90.000000,top
"R287","100","R_0805_2012Metric",193.500000,32.900000,90.000000,top
"R288","100","R_0805_2012Metric",189.400000,32.900000,90.000000,top
"R289","100","R_0805_2012Metric",185.300000,32.900000,90.000000,top
"R290","100","R_0805_2012Metric",181.300000,32.900000,90.000000,top
"R291","1k24","R_0805_2012Metric",228.300000,36.900000,90.000000,top
"R292","1k24","R_0805_2012Metric",224.200000,36.900000,90.000000,top
"R293","1k24","R_0805_2012Metric",220.100000,36.900000,90.000000,top
"R294","1k24","R_0805_2012Metric",216.000000,36.900000,90.000000,top
"R295","1k24","R_0805_2012Metric",211.900000,36.900000,90.000000,top
"R296","1k24","R_0805_2012Metric",207.800000,36.900000,90.000000,top
"R297","1k24","R_0805_2012Metric",203.700000,36.900000,90.000000,top
"R298","1k24","R_0805_2012Metric",199.600000,36.900000,90.000000,top
"R299","1k24","R_0805_2012Metric",195.500000,36.900000,90.000000,top
"R300","1k24","R_0805_2012Metric",191.400000,36.900000,90.000000,top
"R301","1k24","R_0805_2012Metric",187.300000,36.900000,90.000000,top
"R302","1k24","R_0805_2012Metric",183.200000,36.900000,90.000000,top
"R303","100","R_0805_2012Metric",240.250000,44.000000,270.000000,top
"R304","100","R_0805_2012Metric",262.500000,43.000000,90.000000,top
"R305","7k32","R_0805_2012Metric",259.000000,43.250000,270.000000,top
"R306","768","R_0805_2012Metric",253.000000,43.750000,90.000000,top
"R307","10k","R_0805_2012Metric",259.500000,29.000000,0.000000,top
"R308","1k24","R_0805_2012Metric",248.000000,43.750000,90.000000,top
"R309","5M","R_1206_3216Metric",263.500000,12.750000,90.000000,top
"R310","5M","R_1206_3216Metric",263.500000,18.000000,90.000000,top
"R311","100","R_0805_2012Metric",146.250000,117.750000,90.000000,top
"R312","10k","R_0805_2012Metric",130.000000,93.400000,90.000000,top
"R313","100","R_0805_2012Metric",76.750000,57.087500,90.000000,top
"R314","20","R_0805_2012Metric",76.750000,53.000000,270.000000,top
"R315","10k","R_0805_2012Metric",323.750000,130.750000,270.000000,top
"R316","768","R_0805_2012Metric",122.750000,116.250000,90.000000,top
"R317","7k32","R_0805_2012Metric",112.000000,93.800000,90.000000,top
"R318","7k32","R_0805_2012Metric",115.200000,93.000000,0.000000,top
"R319","7k32","R_0805_2012Metric",239.500000,126.500000,0.000000,top
"R320","1k24","R_0805_2012Metric",240.250000,123.750000,0.000000,top
"R321","100","R_0805_2012Metric",112.000000,97.600000,90.000000,top
"R322","100","R_0805_2012Metric",114.400000,96.600000,90.000000,top
"R323","71k5","R_0805_2012Metric",93.000000,63.500000,270.000000,top
"R324","71k5","R_0805_2012Metric",93.250000,55.500000,270.000000,top
"R325","100","R_0805_2012Metric",126.000000,54.400000,0.000000,top
"R326","1k24","R_0805_2012Metric",121.000000,93.400000,180.000000,top
"R327","20","R_0805_2012Metric",292.500000,135.500000,90.000000,top
"R328","DNP","R_0805_2012Metric",108.000000,63.500000,180.000000,top
"R329","DNP","R_0805_2012Metric",108.000000,55.750000,180.000000,top
"R330","100","R_0805_2012Metric",312.000000,126.500000,180.000000,top
"R331","100","R_0805_2012Metric",230.000000,152.500000,0.000000,top
"R332","100","R_0805_2012Metric",296.000000,142.500000,90.000000,top
"R333","100","R_0805_2012Metric",312.000000,122.000000,0.000000,top
"R334","100","R_0805_2012Metric",130.500000,98.500000,270.000000,top
"R335","10k","R_0805_2012Metric",312.500000,137.000000,0.000000,top
"R336","10k","R_0805_2012Metric",324.250000,134.500000,0.000000,top
"R337","100","R_0805_2012Metric",246.750000,152.750000,180.000000,top
"R338","DNP","R_0805_2012Metric",5.500000,118.000000,0.000000,top
"R339","20","R_0805_2012Metric",329.500000,9.500000,90.000000,top
"R340","20","R_0805_2012Metric",332.000000,9.500000,90.000000,top
"R341","20","R_0805_2012Metric",24.750000,5.750000,90.000000,top
"R342","20","R_0805_2012Metric",22.250000,5.750000,90.000000,top
"R343","20","R_0805_2012Metric",43.500000,5.500000,90.000000,top
"R344","20","R_0805_2012Metric",46.000000,5.500000,90.000000,top
"R345","DNP","R_0805_2012Metric",35.750000,24.000000,0.000000,top
"R346","20","R_0805_2012Metric",242.000000,5.500000,90.000000,top
"R347","20","R_0805_2012Metric",244.500000,5.500000,90.000000,top
"R348","DNP","R_0805_2012Metric",146.750000,14.662500,90.000000,top
"R349","20","R_0805_2012Metric",319.250000,6.500000,90.000000,top
"R350","20","R_0805_2012Metric",327.500000,6.250000,90.000000,top
"R352","20","R_0805_2012Metric",264.000000,5.500000,90.000000,top
"R353","20","R_0805_2012Metric",266.500000,5.500000,90.000000,top
"R354","100","R_0805_2012Metric",17.400000,8.600000,270.000000,top
"R355","100","R_0805_2012Metric",19.800000,8.600000,90.000000,top
"R356","20","R_0805_2012Metric",18.400000,11.800000,180.000000,top
"R357","DNP","R_0805_2012Metric",256.000000,24.000000,90.000000,top
"R358","DNP","R_0805_2012Metric",107.250000,69.000000,90.000000,top
"R359","20","R_0805_2012Metric",94.000000,30.500000,180.000000,top
"SW2","SW_DIP_x02","SW_DIP_SPSTx02_Slide_9.78x7.26mm_W8.61mm_P2.54mm",142.000000,123.750000,0.000000,top
"TH1","THERMISTOR","R_0805_2012Metric",78.750000,154.500000,270.000000,top
"TH2","THERMISTOR","R_0805_2012Metric",29.500000,30.000000,0.000000,top
"TH3","THERMISTOR","R_0805_2012Metric",174.600000,15.800000,0.000000,top
"TH4","THERMISTOR","R_0805_2012Metric",278.600000,48.300000,180.000000,top
"TH5","THERMISTOR","R_0805_2012Metric",235.250000,43.500000,90.000000,top
"U1","AP63205WU","TSOT-23-6",303.870000,133.090000,270.000000,top
"U2","LT1487","SOIC-8_3.9x4.9mm_P1.27mm",98.750000,65.000000,0.000000,top
"U3","LT1487","SOIC-8_3.9x4.9mm_P1.27mm",98.750000,57.250000,0.000000,top
"U4","LT1797","TSOT-23-5",125.350000,108.350000,180.000000,top
"U5","MOC3023M","SMDIP-6_W9.53mm",238.265000,152.040000,0.000000,top
"U6","SFH620A-2X007T","SMDIP-4_W9.53mm_Clearance8mm",276.550000,153.300000,0.000000,top
"U7","SFH620A-2X007T","SMDIP-4_W9.53mm_Clearance8mm",294.500000,150.350000,90.000000,top
"U9","H11D1SR2VM","SMDIP-6_W9.53mm",318.000000,127.000000,90.000000,top
